name,supplier,observed_count,inferred_topk,missing_topk
PRO_001715,SUP_0122,1,"[""互联网数据服务"", ""互联网平台"", ""软件开发"", ""互联网信息服务"", ""电信"", ""医院"", ""互联网相关服务""]","[""互联网数据服务"", ""互联网平台"", ""软件开发"", ""电信"", ""医院"", ""互联网相关服务""]"
PRO_000732,SUP_0053,1,"[""互联网数据服务"", ""医院"", ""货币银行服务"", ""纺织、服装及家庭用品批发"", ""国家行政机构"", ""其他批发业"", ""不提供住宿社会工作"", ""金融信息服务""]","[""医院"", ""货币银行服务"", ""纺织、服装及家庭用品批发"", ""国家行政机构"", ""其他批发业"", ""不提供住宿社会工作"", ""金融信息服务""]"
PRO_000731,SUP_0053,1,"[""互联网数据服务"", ""医院"", ""货币银行服务"", ""纺织、服装及家庭用品批发"", ""国家行政机构"", ""其他批发业"", ""不提供住宿社会工作"", ""金融信息服务""]","[""医院"", ""货币银行服务"", ""纺织、服装及家庭用品批发"", ""国家行政机构"", ""其他批发业"", ""不提供住宿社会工作"", ""金融信息服务""]"
PRO_000733,SUP_0053,1,"[""互联网数据服务"", ""医院"", ""货币银行服务"", ""纺织、服装及家庭用品批发"", ""国家行政机构"", ""其他批发业"", ""不提供住宿社会工作"", ""金融信息服务""]","[""医院"", ""货币银行服务"", ""纺织、服装及家庭用品批发"", ""国家行政机构"", ""其他批发业"", ""不提供住宿社会工作"", ""金融信息服务""]"
PRO_000734,SUP_0053,1,"[""互联网数据服务"", ""医院"", ""货币银行服务"", ""纺织、服装及家庭用品批发"", ""国家行政机构"", ""其他批发业"", ""不提供住宿社会工作"", ""金融信息服务""]","[""医院"", ""货币银行服务"", ""纺织、服装及家庭用品批发"", ""国家行政机构"", ""其他批发业"", ""不提供住宿社会工作"", ""金融信息服务""]"
PRO_000652,SUP_0038,1,"[""互联网数据服务"", ""其他未列明金融业"", ""货币银行服务"", ""国家行政机构"", ""金融信息服务""]","[""互联网数据服务"", ""其他未列明金融业"", ""货币银行服务"", ""国家行政机构""]"
PRO_000656,SUP_0038,1,"[""其他未列明金融业"", ""软件开发""]","[""软件开发""]"
PRO_000651,SUP_0038,1,"[""其他未列明金融业"", ""软件开发""]","[""软件开发""]"
PRO_000660,SUP_0038,1,"[""其他未列明金融业"", ""软件开发""]","[""软件开发""]"
PRO_000664,SUP_0038,1,"[""其他未列明金融业"", ""软件开发""]","[""软件开发""]"
PRO_000663,SUP_0038,1,"[""其他未列明金融业"", ""软件开发""]","[""软件开发""]"
PRO_000662,SUP_0038,1,"[""其他未列明金融业"", ""软件开发""]","[""软件开发""]"
PRO_000658,SUP_0038,1,"[""其他未列明金融业"", ""软件开发""]","[""软件开发""]"
PRO_000667,SUP_0039,1,"[""互联网相关服务"", ""其他未列明金融业"", ""纺织、服装及家庭用品批发"", ""城市公共交通运输"", ""国家行政机构"", ""金融信息服务"", ""互联网信息服务"", ""农业专业及辅助性活动"", ""互联网数据服务""]","[""互联网相关服务"", ""其他未列明金融业"", ""纺织、服装及家庭用品批发"", ""城市公共交通运输"", ""国家行政机构"", ""金融信息服务"", ""互联网信息服务"", ""农业专业及辅助性活动""]"
PRO_004040,SUP_0266,1,"[""互联网数据服务"", ""互联网信息服务""]","[""互联网信息服务""]"
PRO_001840,SUP_0135,1,"[""互联网数据服务"", ""信息技术咨询服务"", ""法律服务"", ""软件开发"", ""其他信息技术服务业"", ""国家行政机构"", ""婚姻服务"", ""其他批发业"", ""其他未列明金融业""]","[""互联网数据服务"", ""信息技术咨询服务"", ""法律服务"", ""软件开发"", ""其他信息技术服务业"", ""国家行政机构"", ""婚姻服务"", ""其他批发业"", ""其他未列明金融业""]"
PRO_001839,SUP_0135,1,"[""互联网数据服务"", ""信息技术咨询服务"", ""信息技术服务"", ""其他批发业"", ""国家行政机构"", ""婚姻服务"", ""法律服务"", ""电信"", ""互联网信息服务""]","[""互联网数据服务"", ""信息技术咨询服务"", ""信息技术服务"", ""其他批发业"", ""国家行政机构"", ""婚姻服务"", ""法律服务"", ""电信"", ""互联网信息服务""]"
PRO_003992,SUP_0266,1,"[""互联网数据服务"", ""互联网相关服务"", ""货币银行服务"", ""房地产租赁经营""]","[""互联网数据服务"", ""货币银行服务"", ""房地产租赁经营""]"
PRO_001842,SUP_0135,1,"[""法律服务"", ""软件开发"", ""信息技术服务"", ""信息技术咨询服务"", ""其他信息技术服务业"", ""其他未列明金融业"", ""国家行政机构"", ""货币银行服务"", ""化学药品原料药制造"", ""其他未列明制造业""]","[""法律服务"", ""软件开发"", ""信息技术服务"", ""信息技术咨询服务"", ""其他信息技术服务业"", ""其他未列明金融业"", ""国家行政机构"", ""货币银行服务"", ""化学药品原料药制造"", ""其他未列明制造业""]"
PRO_001841,SUP_0135,1,"[""互联网数据服务"", ""其他信息技术服务业"", ""信息技术服务业"", ""国家行政机构"", ""其他批发业"", ""电信"", ""互联网信息服务""]","[""互联网数据服务"", ""其他信息技术服务业"", ""信息技术服务业"", ""国家行政机构"", ""其他批发业"", ""电信"", ""互联网信息服务""]"
PRO_001844,SUP_0135,1,"[""其他信息技术服务业"", ""互联网数据服务"", ""信息技术服务业"", ""软件开发"", ""国家行政机构"", ""其他批发业"", ""电信"", ""互联网信息服务""]","[""其他信息技术服务业"", ""信息技术服务业"", ""软件开发"", ""国家行政机构"", ""其他批发业"", ""电信"", ""互联网信息服务""]"
PRO_001843,SUP_0135,1,"[""互联网数据服务"", ""其他信息技术服务业"", ""信息技术服务业"", ""软件开发"", ""国家行政机构"", ""其他批发业"", ""电信"", ""互联网信息服务""]","[""互联网数据服务"", ""信息技术服务业"", ""软件开发"", ""国家行政机构"", ""其他批发业"", ""电信"", ""互联网信息服务""]"
PRO_001846,SUP_0135,1,"[""其他信息技术服务业"", ""互联网数据服务"", ""信息技术服务业"", ""软件开发"", ""国家行政机构"", ""其他批发业"", ""电信"", ""互联网信息服务""]","[""其他信息技术服务业"", ""信息技术服务业"", ""软件开发"", ""国家行政机构"", ""其他批发业"", ""电信"", ""互联网信息服务""]"
PRO_001845,SUP_0135,1,"[""其他信息技术服务业"", ""互联网数据服务"", ""信息技术服务业"", ""软件开发"", ""国家行政机构"", ""其他批发业"", ""电信"", ""互联网信息服务""]","[""其他信息技术服务业"", ""信息技术服务业"", ""软件开发"", ""国家行政机构"", ""其他批发业"", ""电信"", ""互联网信息服务""]"
PRO_001848,SUP_0135,1,"[""互联网数据服务"", ""其他信息技术服务业"", ""信息技术服务业"", ""软件开发"", ""国家行政机构"", ""其他批发业"", ""电信"", ""互联网信息服务""]","[""互联网数据服务"", ""信息技术服务业"", ""软件开发"", ""国家行政机构"", ""其他批发业"", ""电信"", ""互联网信息服务""]"
PRO_001847,SUP_0135,1,"[""互联网数据服务"", ""其他信息技术服务业"", ""软件开发"", ""国家行政机构"", ""其他批发业"", ""电信"", ""互联网信息服务""]","[""互联网数据服务"", ""其他信息技术服务业"", ""软件开发"", ""国家行政机构"", ""其他批发业"", ""电信"", ""互联网信息服务""]"
PRO_003909,SUP_0256,1,"[""货币银行服务"", ""互联网相关服务"", ""综合零售"", ""互联网数据服务"", ""数字政府"", ""人力资源服务"", ""其他批发业"", ""医院"", ""不提供住宿社会工作""]","[""货币银行服务"", ""互联网相关服务"", ""综合零售"", ""互联网数据服务"", ""数字政府"", ""人力资源服务"", ""其他批发业"", ""不提供住宿社会工作""]"
PRO_000666,SUP_0039,1,"[""互联网数据服务"", ""其他未列明金融业"", ""纺织、服装及家庭用品批发"", ""城市公共交通运输"", ""国家行政机构"", ""金融信息服务"", ""互联网信息服务"", ""农业专业及辅助性活动""]","[""互联网数据服务"", ""其他未列明金融业"", ""纺织、服装及家庭用品批发"", ""城市公共交通运输"", ""国家行政机构"", ""金融信息服务"", ""互联网信息服务"", ""农业专业及辅助性活动""]"
PRO_002853,SUP_0156,1,"[""互联网数据服务"", ""互联网平台"", ""其他批发业"", ""智慧物流"", ""国家行政机构"", ""其他未列明金融业"", ""非金融机构支付服务""]","[""互联网数据服务"", ""互联网平台"", ""其他批发业"", ""智慧物流"", ""国家行政机构"", ""其他未列明金融业"", ""非金融机构支付服务""]"
PRO_000665,SUP_0039,1,"[""互联网数据服务"", ""互联网相关服务"", ""纺织、服装及家庭用品批发"", ""国家行政机构"", ""城市公共交通运输"", ""金融信息服务"", ""农业专业及辅助性活动"", ""互联网信息服务""]","[""互联网数据服务"", ""互联网相关服务"", ""纺织、服装及家庭用品批发"", ""国家行政机构"", ""城市公共交通运输"", ""金融信息服务"", ""农业专业及辅助性活动"", ""互联网信息服务""]"
PRO_002726,SUP_0145,1,"[""货币银行服务"", ""电信"", ""软件开发"", ""互联网数据服务"", ""其他未列明金融业"", ""婚姻服务"", ""国家行政机构""]","[""货币银行服务"", ""电信"", ""软件开发"", ""互联网数据服务"", ""婚姻服务"", ""国家行政机构""]"
PRO_000646,SUP_0037,1,"[""互联网数据服务"", ""国家行政机构"", ""货币银行服务"", ""农业专业及辅助性活动"", ""综合零售"", ""软件开发"", ""其他批发业""]","[""互联网数据服务"", ""国家行政机构"", ""货币银行服务"", ""农业专业及辅助性活动"", ""综合零售"", ""软件开发"", ""其他批发业""]"
PRO_001704,SUP_0122,1,"[""其他未列明金融业"", ""国家行政机构"", ""其他批发业""]","[""其他未列明金融业"", ""其他批发业""]"
PRO_001705,SUP_0122,1,"[""其他未列明金融业"", ""国家行政机构"", ""其他批发业""]","[""国家行政机构"", ""其他批发业""]"
PRO_001707,SUP_0122,1,"[""其他未列明金融业"", ""国家行政机构"", ""其他批发业""]","[""国家行政机构"", ""其他批发业""]"
PRO_001703,SUP_0122,1,"[""其他未列明金融业"", ""国家行政机构"", ""其他批发业""]","[""国家行政机构"", ""其他批发业""]"
PRO_001700,SUP_0122,1,"[""其他未列明金融业"", ""国家行政机构"", ""金融信息服务""]","[""国家行政机构"", ""金融信息服务""]"
PRO_001702,SUP_0122,1,"[""其他未列明金融业"", ""国家行政机构"", ""互联网数据服务""]","[""国家行政机构"", ""互联网数据服务""]"
PRO_001701,SUP_0122,1,"[""其他未列明金融业"", ""国家行政机构"", ""金融信息服务""]","[""国家行政机构"", ""金融信息服务""]"
PRO_006100,SUP_0368,1,"[""信息技术咨询服务"", ""人力资源服务"", ""其他未列明金融业"", ""婚姻服务"", ""货币银行服务"", ""国家行政机构"", ""互联网数据服务"", ""互联网相关服务"", ""医院"", ""基层医疗卫生服务""]","[""信息技术咨询服务"", ""人力资源服务"", ""婚姻服务"", ""货币银行服务"", ""国家行政机构"", ""互联网数据服务"", ""互联网相关服务"", ""医院"", ""基层医疗卫生服务""]"
PRO_002728,SUP_0145,1,"[""其他未列明金融业"", ""互联网数据服务"", ""城市公共交通运输"", ""道路运输辅助活动"", ""电信"", ""软件开发""]","[""其他未列明金融业"", ""互联网数据服务"", ""城市公共交通运输"", ""道路运输辅助活动"", ""电信"", ""软件开发""]"
PRO_001483,SUP_0113,1,"[""其他未列明金融业"", ""互联网数据服务"", ""其他金融业"", ""电信"", ""互联网信息服务"", ""技能培训、教育辅助及其他教育""]","[""互联网数据服务"", ""其他金融业"", ""电信"", ""互联网信息服务"", ""技能培训、教育辅助及其他教育""]"
PRO_004008,SUP_0266,1,"[""互联网数据服务"", ""互联网相关服务"", ""互联网信息服务""]","[""互联网数据服务"", ""互联网相关服务""]"
PRO_003999,SUP_0266,1,"[""互联网数据服务"", ""货币银行服务"", ""互联网信息服务"", ""金融信息服务"", ""国家行政机构""]","[""货币银行服务"", ""互联网信息服务"", ""金融信息服务"", ""国家行政机构""]"
PRO_001850,SUP_0135,1,"[""互联网数据服务"", ""法律服务"", ""信息技术服务"", ""信息技术咨询服务"", ""其他信息技术服务业"", ""国家行政机构"", ""货币银行服务"", ""化学药品原料药制造"", ""其他未列明制造业"", ""基础化学原料制造""]","[""互联网数据服务"", ""法律服务"", ""信息技术服务"", ""信息技术咨询服务"", ""其他信息技术服务业"", ""国家行政机构"", ""货币银行服务"", ""化学药品原料药制造"", ""其他未列明制造业"", ""基础化学原料制造""]"
PRO_001849,SUP_0135,1,"[""互联网数据服务"", ""信息技术服务"", ""法律服务"", ""软件开发"", ""其他信息技术服务业"", ""婚姻服务"", ""国家行政机构"", ""其他批发业""]","[""互联网数据服务"", ""信息技术服务"", ""法律服务"", ""软件开发"", ""其他信息技术服务业"", ""婚姻服务"", ""国家行政机构"", ""其他批发业""]"
PRO_005725,SUP_0353,1,"[""互联网数据服务"", ""货币银行服务"", ""互联网信息服务"", ""信息技术服务"", ""国家行政机构"", ""人身保险""]","[""货币银行服务"", ""互联网信息服务"", ""信息技术服务"", ""国家行政机构"", ""人身保险""]"
PRO_000649,SUP_0037,1,"[""互联网数据服务"", ""金融信息服务"", ""综合零售"", ""软件开发"", ""其他批发业"", ""农业专业及辅助性活动"", ""国家行政机构"", ""其他信息技术服务业""]","[""互联网数据服务"", ""金融信息服务"", ""综合零售"", ""软件开发"", ""其他批发业"", ""农业专业及辅助性活动"", ""国家行政机构"", ""其他信息技术服务业""]"
PRO_000648,SUP_0037,1,"[""互联网数据服务"", ""医院"", ""房地产租赁经营"", ""其他未列明金融业"", ""数字政府"", ""互联网平台"", ""非金融机构支付服务"", ""基层医疗卫生服务""]","[""互联网数据服务"", ""医院"", ""房地产租赁经营"", ""其他未列明金融业"", ""数字政府"", ""互联网平台"", ""非金融机构支付服务"", ""基层医疗卫生服务""]"
PRO_001725,SUP_0125,1,"[""测绘地理信息服务"", ""技能培训、教育辅助及其他教育"", ""环境治理业"", ""电信"", ""环境卫生管理"", ""道路运输辅助活动"", ""互联网数据服务"", ""砖瓦、石材等建筑材料制造"", ""水泥、石灰和石膏制造"", ""医院""]","[""测绘地理信息服务"", ""技能培训、教育辅助及其他教育"", ""环境治理业"", ""电信"", ""环境卫生管理"", ""道路运输辅助活动"", ""互联网数据服务"", ""砖瓦、石材等建筑材料制造"", ""水泥、石灰和石膏制造"", ""医院""]"
PRO_001711,SUP_0122,1,"[""互联网数据服务"", ""互联网信息服务"", ""软件开发"", ""互联网平台"", ""电信"", ""医院"", ""不提供住宿社会工作""]","[""互联网信息服务"", ""软件开发"", ""互联网平台"", ""电信"", ""医院"", ""不提供住宿社会工作""]"
PRO_001724,SUP_0125,1,"[""互联网信息服务"", ""互联网数据服务"", ""运输代理业"", ""互联网平台"", ""货币银行服务"", ""人力资源服务"", ""橡胶制品业"", ""塑料制品业"", ""谷物种植"", ""中药材种植""]","[""互联网信息服务"", ""互联网数据服务"", ""运输代理业"", ""互联网平台"", ""货币银行服务"", ""橡胶制品业"", ""塑料制品业"", ""谷物种植"", ""中药材种植""]"
PRO_000647,SUP_0037,1,"[""互联网数据服务"", ""金融信息服务"", ""国家行政机构"", ""互联网信息服务"", ""货币银行服务""]","[""互联网数据服务"", ""金融信息服务"", ""国家行政机构"", ""互联网信息服务""]"
PRO_001706,SUP_0122,1,"[""其他未列明金融业"", ""国家行政机构"", ""其他批发业""]","[""国家行政机构"", ""其他批发业""]"
PRO_001708,SUP_0122,1,"[""其他未列明金融业"", ""国家行政机构"", ""互联网数据服务""]","[""国家行政机构"", ""互联网数据服务""]"
PRO_001717,SUP_0123,1,"[""国家行政机构"", ""不提供住宿社会工作"", ""针织或钩针编织物及其制品制造"", ""环境卫生管理"", ""电信"", ""软件开发"", ""农业专业及辅助性活动"", ""综合零售"", ""砖瓦、石材等建筑材料制造"", ""水泥、石灰和石膏制造""]","[""国家行政机构"", ""针织或钩针编织物及其制品制造"", ""环境卫生管理"", ""电信"", ""软件开发"", ""农业专业及辅助性活动"", ""综合零售"", ""砖瓦、石材等建筑材料制造"", ""水泥、石灰和石膏制造""]"
PRO_000870,SUP_0075,1,"[""互联网数据服务"", ""其他批发业"", ""信息技术咨询服务"", ""其他未列明金融业"", ""货币银行服务"", ""纺织、服装及家庭用品批发"", ""其他信息技术服务业"", ""国家行政机构"", ""电信"", ""互联网信息服务""]","[""互联网数据服务"", ""其他批发业"", ""信息技术咨询服务"", ""其他未列明金融业"", ""货币银行服务"", ""纺织、服装及家庭用品批发"", ""其他信息技术服务业"", ""国家行政机构"", ""电信"", ""互联网信息服务""]"
PRO_001718,SUP_0123,1,"[""国家行政机构"", ""不提供住宿社会工作"", ""针织或钩针编织物及其制品制造"", ""环境卫生管理"", ""软件开发"", ""农业专业及辅助性活动"", ""综合零售"", ""医院"", ""砖瓦、石材等建筑材料制造"", ""水泥、石灰和石膏制造""]","[""国家行政机构"", ""针织或钩针编织物及其制品制造"", ""环境卫生管理"", ""软件开发"", ""农业专业及辅助性活动"", ""综合零售"", ""医院"", ""砖瓦、石材等建筑材料制造"", ""水泥、石灰和石膏制造""]"
PRO_001699,SUP_0122,1,"[""其他未列明金融业"", ""国家行政机构"", ""金融信息服务""]","[""国家行政机构"", ""金融信息服务""]"
PRO_001188,SUP_0083,1,"[""国家行政机构"", ""综合零售"", ""货币银行服务"", ""农业专业及辅助性活动"", ""金融信息服务"", ""环境卫生管理"", ""互联网数据服务"", ""信息技术咨询服务"", ""针织或钩针编织物及其制品制造""]","[""国家行政机构"", ""综合零售"", ""货币银行服务"", ""农业专业及辅助性活动"", ""金融信息服务"", ""环境卫生管理"", ""互联网数据服务"", ""信息技术咨询服务"", ""针织或钩针编织物及其制品制造""]"
PRO_004069,SUP_0266,1,"[""互联网数据服务"", ""互联网相关服务"", ""互联网信息服务"", ""金融信息服务""]","[""互联网数据服务"", ""互联网信息服务"", ""金融信息服务""]"
PRO_001658,SUP_0117,1,"[""其他房地产业"", ""广播"", ""其他开采专业及辅助性活动"", ""建筑装饰和装修业"", ""学前教育"", ""其他卫生活动"", ""其他居民服务业"", ""其他日用产品修理业"", ""通用仓储"", ""装卸搬运""]","[""其他房地产业"", ""广播"", ""其他开采专业及辅助性活动"", ""建筑装饰和装修业"", ""学前教育"", ""其他卫生活动"", ""其他居民服务业"", ""其他日用产品修理业"", ""通用仓储"", ""装卸搬运""]"
PRO_001639,SUP_0117,2,"[""其他未列明制造业"", ""安全保护服务"", ""其他家具制造"", ""其他卫生活动"", ""学前教育"", ""其他居民服务业"", ""其他开采专业及辅助性活动"", ""其他批发业"", ""其他零售业"", ""运输代理业""]","[""其他未列明制造业"", ""安全保护服务"", ""其他家具制造"", ""其他卫生活动"", ""学前教育"", ""其他居民服务业"", ""其他开采专业及辅助性活动"", ""其他批发业"", ""其他零售业"", ""运输代理业""]"
PRO_001643,SUP_0117,3,"[""其他开采专业及辅助性活动"", ""广播"", ""其他房地产业"", ""其他卫生活动"", ""其他未列明制造业"", ""安全保护服务"", ""其他家具制造"", ""学前教育"", ""农业专业及辅助性活动"", ""畜牧专业及辅助性活动""]","[""其他开采专业及辅助性活动"", ""广播"", ""其他房地产业"", ""其他卫生活动"", ""其他未列明制造业"", ""安全保护服务"", ""其他家具制造"", ""学前教育"", ""农业专业及辅助性活动"", ""畜牧专业及辅助性活动""]"
PRO_004080,SUP_0266,1,"[""互联网信息服务"", ""货币银行服务"", ""其他未列明金融业"", ""互联网数据服务"", ""互联网相关服务"", ""金融信息服务""]","[""互联网信息服务"", ""货币银行服务"", ""其他未列明金融业"", ""互联网相关服务"", ""金融信息服务""]"
PRO_001645,SUP_0117,1,"[""其他家具制造"", ""安全保护服务"", ""其他未列明制造业"", ""学前教育"", ""其他居民服务业"", ""广播"", ""其他开采专业及辅助性活动"", ""正餐服务"", ""旅游饭店"", ""农业专业及辅助性活动""]","[""其他家具制造"", ""安全保护服务"", ""其他未列明制造业"", ""学前教育"", ""其他居民服务业"", ""广播"", ""其他开采专业及辅助性活动"", ""正餐服务"", ""旅游饭店"", ""农业专业及辅助性活动""]"
PRO_001640,SUP_0117,1,"[""其他卫生活动"", ""学前教育"", ""其他家具制造"", ""安全保护服务"", ""其他未列明制造业"", ""其他居民服务业"", ""通用仓储"", ""装卸搬运"", ""正餐服务"", ""旅游饭店""]","[""其他卫生活动"", ""学前教育"", ""其他家具制造"", ""安全保护服务"", ""其他未列明制造业"", ""其他居民服务业"", ""通用仓储"", ""装卸搬运"", ""正餐服务"", ""旅游饭店""]"
PRO_001655,SUP_0117,1,"[""其他未列明制造业"", ""其他家具制造"", ""安全保护服务"", ""其他卫生活动"", ""学前教育"", ""其他开采专业及辅助性活动"", ""广播"", ""正餐服务"", ""旅游饭店"", ""农业专业及辅助性活动""]","[""其他未列明制造业"", ""其他家具制造"", ""安全保护服务"", ""其他卫生活动"", ""学前教育"", ""其他开采专业及辅助性活动"", ""广播"", ""正餐服务"", ""旅游饭店"", ""农业专业及辅助性活动""]"
PRO_001656,SUP_0117,2,"[""其他卫生活动"", ""其他家具制造"", ""其他未列明制造业"", ""安全保护服务"", ""学前教育"", ""其他居民服务业"", ""广播"", ""其他开采专业及辅助性活动"", ""正餐服务"", ""旅游饭店""]","[""其他卫生活动"", ""其他家具制造"", ""其他未列明制造业"", ""安全保护服务"", ""学前教育"", ""其他居民服务业"", ""广播"", ""其他开采专业及辅助性活动"", ""正餐服务"", ""旅游饭店""]"
PRO_001652,SUP_0117,1,"[""其他开采专业及辅助性活动"", ""其他房地产业"", ""安全保护服务"", ""其他家具制造"", ""其他未列明制造业"", ""其他卫生活动"", ""学前教育"", ""铁路运输设备制造"", ""航空、航天器及设备制造"", ""船舶及相关装置制造""]","[""其他开采专业及辅助性活动"", ""其他房地产业"", ""安全保护服务"", ""其他家具制造"", ""其他未列明制造业"", ""其他卫生活动"", ""学前教育"", ""铁路运输设备制造"", ""航空、航天器及设备制造"", ""船舶及相关装置制造""]"
PRO_001653,SUP_0117,3,"[""技术推广服务"", ""租赁和商务服务业"", ""其他房地产业"", ""建筑装饰和装修业"", ""其他开采专业及辅助性活动"", ""广播"", ""学前教育"", ""其他居民服务业"", ""其他日用产品修理业"", ""铁路运输设备制造""]","[""技术推广服务"", ""租赁和商务服务业"", ""其他房地产业"", ""建筑装饰和装修业"", ""其他开采专业及辅助性活动"", ""广播"", ""学前教育"", ""其他居民服务业"", ""其他日用产品修理业"", ""铁路运输设备制造""]"
PRO_001654,SUP_0117,5,"[""其他开采专业及辅助性活动"", ""广播"", ""其他房地产业"", ""其他未列明制造业"", ""安全保护服务"", ""其他家具制造"", ""其他卫生活动"", ""学前教育"", ""铁路运输设备制造"", ""航空、航天器及设备制造""]","[""其他开采专业及辅助性活动"", ""广播"", ""其他房地产业"", ""其他未列明制造业"", ""安全保护服务"", ""其他家具制造"", ""其他卫生活动"", ""学前教育"", ""铁路运输设备制造"", ""航空、航天器及设备制造""]"
PRO_003312,SUP_0175,1,"[""其他未列明金融业""]","[""其他未列明金融业""]"
PRO_004035,SUP_0266,1,"[""互联网数据服务"", ""互联网信息服务"", ""货币银行服务""]","[""互联网数据服务"", ""货币银行服务""]"
PRO_001661,SUP_0118,1,"[""互联网数据服务"", ""互联网相关服务"", ""综合零售"", ""货币银行服务"", ""环境卫生管理"", ""金融信息服务"", ""橡胶制品业"", ""塑料制品业""]","[""互联网相关服务"", ""综合零售"", ""货币银行服务"", ""环境卫生管理"", ""金融信息服务"", ""橡胶制品业"", ""塑料制品业""]"
PRO_001713,SUP_0122,1,"[""互联网数据服务"", ""互联网相关服务"", ""互联网信息服务"", ""纺织、服装及家庭用品批发"", ""电信"", ""测绘地理信息服务"", ""人力资源服务""]","[""互联网相关服务"", ""互联网信息服务"", ""纺织、服装及家庭用品批发"", ""电信"", ""测绘地理信息服务"", ""人力资源服务""]"
PRO_001482,SUP_0113,1,"[""其他未列明金融业"", ""互联网数据服务"", ""其他金融业"", ""电信"", ""互联网信息服务"", ""技能培训、教育辅助及其他教育""]","[""互联网数据服务"", ""其他金融业"", ""电信"", ""互联网信息服务"", ""技能培训、教育辅助及其他教育""]"
PRO_003542,SUP_0232,1,"[""综合零售"", ""人力资源服务"", ""其他未列明金融业"", ""医院"", ""技能培训、教育辅助及其他教育"", ""互联网数据服务"", ""互联网平台"", ""橡胶制品业"", ""塑料制品业"", ""非金融机构支付服务""]","[""综合零售"", ""人力资源服务"", ""其他未列明金融业"", ""医院"", ""技能培训、教育辅助及其他教育"", ""互联网数据服务"", ""互联网平台"", ""橡胶制品业"", ""塑料制品业"", ""非金融机构支付服务""]"
PRO_001641,SUP_0117,1,"[""安全保护服务"", ""其他家具制造"", ""其他卫生活动"", ""学前教育"", ""其他居民服务业"", ""其他开采专业及辅助性活动"", ""广播"", ""正餐服务"", ""旅游饭店"", ""农业专业及辅助性活动""]","[""安全保护服务"", ""其他家具制造"", ""其他卫生活动"", ""学前教育"", ""其他居民服务业"", ""其他开采专业及辅助性活动"", ""广播"", ""正餐服务"", ""旅游饭店"", ""农业专业及辅助性活动""]"
PRO_001638,SUP_0117,1,"[""租赁和商务服务业"", ""技术推广服务"", ""建筑装饰和装修业"", ""学前教育"", ""其他房地产业"", ""其他开采专业及辅助性活动"", ""其他居民服务业"", ""其他日用产品修理业"", ""通用仓储"", ""装卸搬运""]","[""租赁和商务服务业"", ""技术推广服务"", ""建筑装饰和装修业"", ""学前教育"", ""其他房地产业"", ""其他开采专业及辅助性活动"", ""其他居民服务业"", ""其他日用产品修理业"", ""通用仓储"", ""装卸搬运""]"
PRO_004007,SUP_0266,1,"[""互联网数据服务"", ""互联网信息服务"", ""互联网相关服务""]","[""互联网信息服务"", ""互联网相关服务""]"
PRO_001650,SUP_0117,2,"[""其他未列明制造业"", ""安全保护服务"", ""其他家具制造"", ""学前教育"", ""其他居民服务业"", ""其他卫生活动"", ""正餐服务"", ""旅游饭店"", ""运输代理业"", ""多式联运""]","[""其他未列明制造业"", ""安全保护服务"", ""其他家具制造"", ""学前教育"", ""其他居民服务业"", ""其他卫生活动"", ""正餐服务"", ""旅游饭店"", ""运输代理业"", ""多式联运""]"
PRO_001642,SUP_0117,4,"[""其他未列明制造业"", ""安全保护服务"", ""其他家具制造"", ""其他卫生活动"", ""学前教育"", ""其他居民服务业"", ""其他开采专业及辅助性活动"", ""广播"", ""正餐服务"", ""旅游饭店""]","[""其他未列明制造业"", ""安全保护服务"", ""其他家具制造"", ""其他卫生活动"", ""学前教育"", ""其他居民服务业"", ""其他开采专业及辅助性活动"", ""广播"", ""正餐服务"", ""旅游饭店""]"
PRO_001657,SUP_0117,1,"[""租赁和商务服务业"", ""货币银行服务"", ""建筑装饰和装修业"", ""其他房地产业"", ""学前教育"", ""广播"", ""其他居民服务业"", ""其他日用产品修理业"", ""环境治理业"", ""市政设施管理""]","[""租赁和商务服务业"", ""货币银行服务"", ""建筑装饰和装修业"", ""其他房地产业"", ""学前教育"", ""广播"", ""其他居民服务业"", ""其他日用产品修理业"", ""环境治理业"", ""市政设施管理""]"
PRO_001648,SUP_0117,2,"[""租赁和商务服务业"", ""其他房地产业"", ""其他开采专业及辅助性活动"", ""广播"", ""建筑装饰和装修业"", ""学前教育"", ""其他卫生活动"", ""其他未列明制造业"", ""铁路运输设备制造"", ""航空、航天器及设备制造""]","[""租赁和商务服务业"", ""其他房地产业"", ""其他开采专业及辅助性活动"", ""广播"", ""建筑装饰和装修业"", ""学前教育"", ""其他卫生活动"", ""其他未列明制造业"", ""铁路运输设备制造"", ""航空、航天器及设备制造""]"
PRO_001660,SUP_0117,1,"[""其他开采专业及辅助性活动"", ""广播"", ""其他房地产业"", ""其他未列明制造业"", ""安全保护服务"", ""其他家具制造"", ""学前教育"", ""铁路运输设备制造"", ""航空、航天器及设备制造"", ""船舶及相关装置制造""]","[""其他开采专业及辅助性活动"", ""广播"", ""其他房地产业"", ""其他未列明制造业"", ""安全保护服务"", ""其他家具制造"", ""学前教育"", ""铁路运输设备制造"", ""航空、航天器及设备制造"", ""船舶及相关装置制造""]"
PRO_001651,SUP_0117,1,"[""其他家具制造"", ""安全保护服务"", ""其他未列明制造业"", ""其他卫生活动"", ""其他居民服务业"", ""广播"", ""其他开采专业及辅助性活动"", ""正餐服务"", ""旅游饭店"", ""农业专业及辅助性活动""]","[""其他家具制造"", ""安全保护服务"", ""其他未列明制造业"", ""其他卫生活动"", ""其他居民服务业"", ""广播"", ""其他开采专业及辅助性活动"", ""正餐服务"", ""旅游饭店"", ""农业专业及辅助性活动""]"
PRO_001637,SUP_0117,2,"[""安全保护服务"", ""其他家具制造"", ""其他未列明制造业"", ""学前教育"", ""其他卫生活动"", ""其他居民服务业"", ""其他开采专业及辅助性活动"", ""正餐服务"", ""旅游饭店"", ""其他批发业""]","[""安全保护服务"", ""其他家具制造"", ""其他未列明制造业"", ""学前教育"", ""其他卫生活动"", ""其他居民服务业"", ""其他开采专业及辅助性活动"", ""正餐服务"", ""旅游饭店"", ""其他批发业""]"
PRO_001649,SUP_0117,1,"[""广播"", ""其他开采专业及辅助性活动"", ""其他房地产业"", ""其他未列明制造业"", ""安全保护服务"", ""其他家具制造"", ""学前教育"", ""铁路运输设备制造"", ""航空、航天器及设备制造"", ""船舶及相关装置制造""]","[""广播"", ""其他开采专业及辅助性活动"", ""其他房地产业"", ""其他未列明制造业"", ""安全保护服务"", ""其他家具制造"", ""学前教育"", ""铁路运输设备制造"", ""航空、航天器及设备制造"", ""船舶及相关装置制造""]"
PRO_001646,SUP_0117,1,"[""广播"", ""其他开采专业及辅助性活动"", ""其他家具制造"", ""其他未列明制造业"", ""安全保护服务"", ""其他卫生活动"", ""学前教育"", ""铁路运输设备制造"", ""航空、航天器及设备制造"", ""船舶及相关装置制造""]","[""广播"", ""其他开采专业及辅助性活动"", ""其他家具制造"", ""其他未列明制造业"", ""安全保护服务"", ""其他卫生活动"", ""学前教育"", ""铁路运输设备制造"", ""航空、航天器及设备制造"", ""船舶及相关装置制造""]"
PRO_001698,SUP_0122,1,"[""互联网数据服务"", ""互联网信息服务"", ""互联网平台"", ""电信"", ""医院"", ""不提供住宿社会工作""]","[""互联网数据服务"", ""互联网信息服务"", ""互联网平台"", ""电信"", ""医院"", ""不提供住宿社会工作""]"
PRO_001659,SUP_0117,1,"[""广播"", ""其他房地产业"", ""安全保护服务"", ""其他家具制造"", ""其他未列明制造业"", ""其他卫生活动"", ""学前教育"", ""铁路运输设备制造"", ""航空、航天器及设备制造"", ""船舶及相关装置制造""]","[""广播"", ""其他房地产业"", ""安全保护服务"", ""其他家具制造"", ""其他未列明制造业"", ""其他卫生活动"", ""学前教育"", ""铁路运输设备制造"", ""航空、航天器及设备制造"", ""船舶及相关装置制造""]"
PRO_001644,SUP_0117,1,"[""其他未列明制造业"", ""安全保护服务"", ""其他卫生活动"", ""学前教育"", ""其他居民服务业"", ""其他开采专业及辅助性活动"", ""广播"", ""正餐服务"", ""旅游饭店"", ""农业专业及辅助性活动""]","[""其他未列明制造业"", ""安全保护服务"", ""其他卫生活动"", ""学前教育"", ""其他居民服务业"", ""其他开采专业及辅助性活动"", ""广播"", ""正餐服务"", ""旅游饭店"", ""农业专业及辅助性活动""]"
PRO_001647,SUP_0117,1,"[""其他未列明制造业"", ""其他家具制造"", ""其他卫生活动"", ""学前教育"", ""其他居民服务业"", ""其他开采专业及辅助性活动"", ""广播"", ""正餐服务"", ""旅游饭店"", ""农业专业及辅助性活动""]","[""其他未列明制造业"", ""其他家具制造"", ""其他卫生活动"", ""学前教育"", ""其他居民服务业"", ""其他开采专业及辅助性活动"", ""广播"", ""正餐服务"", ""旅游饭店"", ""农业专业及辅助性活动""]"
PRO_001481,SUP_0113,1,"[""其他未列明金融业"", ""互联网数据服务"", ""货币银行服务"", ""技能培训、教育辅助及其他教育"", ""电信"", ""互联网信息服务"", ""国家行政机构"", ""互联网相关服务""]","[""其他未列明金融业"", ""互联网数据服务"", ""货币银行服务"", ""技能培训、教育辅助及其他教育"", ""电信"", ""互联网信息服务"", ""国家行政机构"", ""互联网相关服务""]"
PRO_001697,SUP_0121,1,"[""互联网数据服务"", ""其他未列明金融业"", ""软件开发"", ""互联网信息服务"", ""货币银行服务"", ""道路货物运输""]","[""其他未列明金融业"", ""软件开发"", ""互联网信息服务"", ""货币银行服务"", ""道路货物运输""]"
PRO_001695,SUP_0121,1,"[""互联网数据服务"", ""其他未列明金融业"", ""软件开发"", ""互联网信息服务"", ""货币银行服务"", ""道路货物运输""]","[""其他未列明金融业"", ""软件开发"", ""互联网信息服务"", ""货币银行服务"", ""道路货物运输""]"
PRO_001696,SUP_0121,1,"[""互联网数据服务"", ""国家行政机构"", ""货币银行服务"", ""互联网信息服务"", ""人身保险""]","[""互联网数据服务"", ""国家行政机构"", ""货币银行服务"", ""互联网信息服务"", ""人身保险""]"
PRO_002730,SUP_0145,1,"[""其他未列明金融业"", ""国家行政机构"", ""技能培训、教育辅助及其他教育"", ""软件开发"", ""人力资源服务"", ""互联网数据服务"", ""电信""]","[""国家行政机构"", ""技能培训、教育辅助及其他教育"", ""软件开发"", ""人力资源服务"", ""互联网数据服务"", ""电信""]"
PRO_002729,SUP_0145,1,"[""其他未列明金融业"", ""技能培训、教育辅助及其他教育"", ""国家行政机构"", ""软件开发"", ""人力资源服务"", ""互联网数据服务"", ""电信"", ""互联网信息服务""]","[""技能培训、教育辅助及其他教育"", ""国家行政机构"", ""软件开发"", ""人力资源服务"", ""互联网数据服务"", ""电信"", ""互联网信息服务""]"
PRO_002732,SUP_0145,1,"[""其他未列明金融业"", ""技能培训、教育辅助及其他教育"", ""国家行政机构"", ""软件开发"", ""人力资源服务"", ""互联网数据服务"", ""电信"", ""互联网信息服务""]","[""技能培训、教育辅助及其他教育"", ""国家行政机构"", ""软件开发"", ""人力资源服务"", ""互联网数据服务"", ""电信"", ""互联网信息服务""]"
PRO_002731,SUP_0145,1,"[""其他未列明金融业"", ""技能培训、教育辅助及其他教育"", ""国家行政机构"", ""软件开发"", ""人力资源服务"", ""互联网数据服务"", ""电信"", ""互联网信息服务""]","[""技能培训、教育辅助及其他教育"", ""国家行政机构"", ""软件开发"", ""人力资源服务"", ""互联网数据服务"", ""电信"", ""互联网信息服务""]"
PRO_003913,SUP_0258,1,"[""其他未列明金融业"", ""货币银行服务"", ""不提供住宿社会工作"", ""国家行政机构"", ""电信"", ""互联网数据服务""]","[""其他未列明金融业"", ""货币银行服务"", ""不提供住宿社会工作"", ""国家行政机构"", ""电信"", ""互联网数据服务""]"
PRO_003912,SUP_0258,1,"[""国家行政机构"", ""金融信息服务"", ""不提供住宿社会工作"", ""电信"", ""互联网数据服务"", ""其他未列明金融业"", ""货币银行服务"", ""化学药品原料药制造"", ""其他未列明制造业"", ""基础化学原料制造""]","[""国家行政机构"", ""金融信息服务"", ""不提供住宿社会工作"", ""电信"", ""互联网数据服务"", ""其他未列明金融业"", ""化学药品原料药制造"", ""其他未列明制造业"", ""基础化学原料制造""]"
PRO_002727,SUP_0145,1,"[""其他未列明金融业"", ""技能培训、教育辅助及其他教育"", ""国家行政机构"", ""软件开发"", ""人力资源服务"", ""互联网数据服务"", ""电信"", ""互联网信息服务""]","[""技能培训、教育辅助及其他教育"", ""国家行政机构"", ""软件开发"", ""人力资源服务"", ""互联网数据服务"", ""电信"", ""互联网信息服务""]"
PRO_003448,SUP_0209,1,"[""互联网数据服务"", ""互联网相关服务"", ""互联网信息服务"", ""人民法院和人民检察院"", ""货币银行服务"", ""其他未列明金融业""]","[""互联网数据服务"", ""互联网信息服务"", ""人民法院和人民检察院"", ""货币银行服务"", ""其他未列明金融业""]"
PRO_001716,SUP_0122,1,"[""互联网数据服务"", ""互联网信息服务"", ""互联网平台"", ""软件开发"", ""电信"", ""医院"", ""互联网相关服务""]","[""互联网信息服务"", ""互联网平台"", ""软件开发"", ""电信"", ""医院"", ""互联网相关服务""]"
PRO_002821,SUP_0147,1,"[""互联网信息服务"", ""互联网数据服务"", ""人力资源服务"", ""运输代理业"", ""法律服务"", ""橡胶制品业"", ""塑料制品业"", ""谷物种植"", ""中药材种植"", ""农业专业及辅助性活动""]","[""互联网信息服务"", ""人力资源服务"", ""运输代理业"", ""法律服务"", ""橡胶制品业"", ""塑料制品业"", ""谷物种植"", ""中药材种植"", ""农业专业及辅助性活动""]"
PRO_002820,SUP_0147,1,"[""互联网数据服务"", ""互联网信息服务"", ""其他信息技术服务业"", ""货币银行服务"", ""农业专业及辅助性活动"", ""国家行政机构""]","[""互联网信息服务"", ""其他信息技术服务业"", ""货币银行服务"", ""农业专业及辅助性活动"", ""国家行政机构""]"
PRO_004003,SUP_0266,1,"[""互联网数据服务"", ""互联网信息服务""]","[""互联网数据服务""]"
PRO_004017,SUP_0266,1,"[""互联网数据服务"", ""互联网信息服务""]","[""互联网信息服务""]"
PRO_004019,SUP_0266,1,"[""互联网数据服务"", ""互联网信息服务"", ""互联网相关服务""]","[""互联网信息服务"", ""互联网相关服务""]"
PRO_004022,SUP_0266,1,"[""互联网数据服务"", ""货币银行服务"", ""国家行政机构"", ""金融信息服务""]","[""互联网数据服务"", ""货币银行服务"", ""国家行政机构"", ""金融信息服务""]"
PRO_004122,SUP_0266,1,"[""互联网数据服务"", ""互联网信息服务""]","[""互联网信息服务""]"
PRO_004121,SUP_0266,1,"[""互联网数据服务"", ""互联网信息服务"", ""货币银行服务""]","[""互联网信息服务"", ""货币银行服务""]"
PRO_004119,SUP_0266,1,"[""互联网数据服务"", ""货币银行服务"", ""国家行政机构"", ""金融信息服务""]","[""货币银行服务"", ""国家行政机构"", ""金融信息服务""]"
PRO_004120,SUP_0266,1,"[""互联网数据服务"", ""互联网信息服务""]","[""互联网信息服务""]"
PRO_003541,SUP_0232,1,"[""互联网数据服务"", ""货币银行服务"", ""软件开发"", ""互联网相关服务"", ""电信"", ""金融信息服务"", ""数字金融""]","[""互联网数据服务"", ""货币银行服务"", ""软件开发"", ""互联网相关服务"", ""电信"", ""金融信息服务"", ""数字金融""]"
PRO_002819,SUP_0147,1,"[""互联网信息服务"", ""互联网数据服务"", ""互联网平台"", ""人力资源服务"", ""运输代理业"", ""橡胶制品业"", ""塑料制品业"", ""谷物种植"", ""中药材种植"", ""农业专业及辅助性活动""]","[""互联网信息服务"", ""互联网平台"", ""人力资源服务"", ""运输代理业"", ""橡胶制品业"", ""塑料制品业"", ""谷物种植"", ""中药材种植"", ""农业专业及辅助性活动""]"
PRO_002818,SUP_0147,1,"[""互联网数据服务"", ""其他信息技术服务业"", ""货币银行服务"", ""农业专业及辅助性活动"", ""国家行政机构""]","[""互联网数据服务"", ""其他信息技术服务业"", ""货币银行服务"", ""农业专业及辅助性活动"", ""国家行政机构""]"
PRO_004051,SUP_0266,1,"[""互联网数据服务"", ""货币银行服务"", ""互联网信息服务"", ""国家行政机构"", ""互联网相关服务"", ""金融信息服务""]","[""货币银行服务"", ""互联网信息服务"", ""国家行政机构"", ""互联网相关服务"", ""金融信息服务""]"
PRO_001633,SUP_0115,1,"[""电信"", ""互联网数据服务"", ""互联网信息服务"", ""互联网相关服务"", ""货币银行服务"", ""国家行政机构""]","[""电信"", ""互联网数据服务"", ""互联网信息服务"", ""货币银行服务"", ""国家行政机构""]"
PRO_004559,SUP_0298,2,"[""其他未列明金融业"", ""软件开发""]","[""其他未列明金融业"", ""软件开发""]"
PRO_004566,SUP_0298,2,"[""互联网数据服务"", ""金融信息服务"", ""其他未列明金融业"", ""货币银行服务"", ""互联网相关服务""]","[""互联网数据服务"", ""其他未列明金融业"", ""互联网相关服务""]"
PRO_001861,SUP_0140,2,"[""互联网数据服务"", ""货币银行服务"", ""其他批发业"", ""国家行政机构"", ""其他金融业"", ""其他信息技术服务业"", ""互联网相关服务""]","[""互联网数据服务"", ""货币银行服务"", ""其他批发业"", ""国家行政机构"", ""其他金融业"", ""其他信息技术服务业"", ""互联网相关服务""]"
PRO_001747,SUP_0127,1,"[""电信"", ""软件开发"", ""互联网数据服务"", ""其他未列明金融业"", ""货币银行服务"", ""国家行政机构""]","[""电信"", ""互联网数据服务"", ""其他未列明金融业"", ""货币银行服务"", ""国家行政机构""]"
PRO_004695,SUP_0298,1,"[""电信"", ""货币银行服务"", ""互联网数据服务"", ""软件开发"", ""金融信息服务"", ""国家行政机构""]","[""电信"", ""货币银行服务"", ""互联网数据服务"", ""软件开发"", ""国家行政机构""]"
PRO_004690,SUP_0298,1,"[""电信"", ""货币银行服务"", ""金融信息服务"", ""国家行政机构""]","[""电信"", ""金融信息服务"", ""国家行政机构""]"
PRO_000727,SUP_0051,1,"[""电信"", ""软件开发"", ""货币银行服务"", ""互联网相关服务"", ""金融信息服务"", ""国家行政机构""]","[""软件开发"", ""货币银行服务"", ""互联网相关服务"", ""金融信息服务"", ""国家行政机构""]"
PRO_004565,SUP_0298,1,"[""互联网数据服务"", ""金融信息服务"", ""货币银行服务"", ""其他未列明金融业"", ""电信""]","[""互联网数据服务"", ""货币银行服务"", ""其他未列明金融业"", ""电信""]"
PRO_004700,SUP_0298,1,"[""电信"", ""货币银行服务"", ""金融信息服务"", ""互联网数据服务"", ""软件开发"", ""国家行政机构""]","[""货币银行服务"", ""金融信息服务"", ""互联网数据服务"", ""软件开发"", ""国家行政机构""]"
PRO_004719,SUP_0298,2,"[""货币银行服务"", ""电信"", ""金融信息服务""]","[""电信""]"
PRO_005721,SUP_0353,1,"[""互联网数据服务"", ""互联网信息服务"", ""货币银行服务"", ""互联网相关服务""]","[""互联网数据服务"", ""互联网信息服务"", ""货币银行服务"", ""互联网相关服务""]"
PRO_005729,SUP_0353,1,"[""互联网数据服务"", ""国家行政机构"", ""金融信息服务"", ""货币银行服务"", ""软件开发"", ""综合零售"", ""农业专业及辅助性活动""]","[""国家行政机构"", ""金融信息服务"", ""货币银行服务"", ""软件开发"", ""综合零售"", ""农业专业及辅助性活动""]"
PRO_001789,SUP_0128,1,"[""互联网数据服务"", ""城市公共交通运输"", ""技能培训、教育辅助及其他教育"", ""道路运输辅助活动"", ""互联网相关服务"", ""信息技术咨询服务"", ""电信"", ""货币银行服务"", ""国家行政机构""]","[""城市公共交通运输"", ""技能培训、教育辅助及其他教育"", ""道路运输辅助活动"", ""互联网相关服务"", ""信息技术咨询服务"", ""电信"", ""货币银行服务"", ""国家行政机构""]"
PRO_001709,SUP_0122,1,"[""互联网数据服务"", ""互联网信息服务"", ""软件开发"", ""互联网平台"", ""互联网相关服务"", ""电信""]","[""互联网信息服务"", ""软件开发"", ""互联网平台"", ""互联网相关服务"", ""电信""]"
PRO_004025,SUP_0266,1,"[""互联网数据服务"", ""互联网信息服务""]","[""互联网数据服务""]"
PRO_004018,SUP_0266,1,"[""互联网数据服务"", ""互联网信息服务"", ""货币银行服务"", ""软件开发""]","[""互联网数据服务"", ""互联网信息服务"", ""货币银行服务"", ""软件开发""]"
PRO_005728,SUP_0353,1,"[""互联网数据服务"", ""互联网相关服务"", ""互联网信息服务""]","[""互联网相关服务"", ""互联网信息服务""]"
PRO_004715,SUP_0298,1,"[""货币银行服务"", ""金融信息服务"", ""电信""]","[""金融信息服务"", ""电信""]"
PRO_004718,SUP_0298,1,"[""货币银行服务"", ""金融信息服务"", ""电信""]","[""金融信息服务"", ""电信""]"
PRO_003003,SUP_0166,1,"[""货币银行服务"", ""电信"", ""互联网信息服务"", ""互联网相关服务"", ""软件开发"", ""金融信息服务""]","[""货币银行服务"", ""电信"", ""互联网信息服务"", ""互联网相关服务"", ""软件开发"", ""金融信息服务""]"
PRO_003008,SUP_0166,1,"[""货币银行服务"", ""电信"", ""互联网数据服务"", ""互联网相关服务"", ""软件开发"", ""金融信息服务""]","[""货币银行服务"", ""电信"", ""互联网数据服务"", ""互联网相关服务"", ""软件开发"", ""金融信息服务""]"
PRO_001743,SUP_0127,1,"[""电信"", ""软件开发"", ""货币银行服务"", ""其他未列明金融业"", ""国家行政机构""]","[""电信"", ""软件开发"", ""货币银行服务"", ""其他未列明金融业"", ""国家行政机构""]"
PRO_004608,SUP_0298,2,"[""互联网数据服务"", ""国家行政机构"", ""其他信息技术服务业"", ""数字政府"", ""非金融机构支付服务"", ""市政设施管理""]","[""互联网数据服务"", ""国家行政机构"", ""其他信息技术服务业"", ""数字政府"", ""非金融机构支付服务"", ""市政设施管理""]"
PRO_004717,SUP_0298,1,"[""货币银行服务"", ""电信"", ""金融信息服务""]","[""电信"", ""金融信息服务""]"
PRO_004714,SUP_0298,1,"[""货币银行服务"", ""电信"", ""金融信息服务""]","[""电信"", ""金融信息服务""]"
PRO_004023,SUP_0266,1,"[""互联网数据服务"", ""互联网信息服务"", ""货币银行服务"", ""互联网相关服务""]","[""互联网数据服务"", ""货币银行服务"", ""互联网相关服务""]"
PRO_004016,SUP_0266,1,"[""互联网数据服务"", ""货币银行服务"", ""其他未列明金融业""]","[""互联网数据服务"", ""货币银行服务"", ""其他未列明金融业""]"
PRO_004031,SUP_0266,1,"[""互联网数据服务"", ""互联网相关服务"", ""互联网信息服务""]","[""互联网相关服务"", ""互联网信息服务""]"
PRO_004021,SUP_0266,1,"[""互联网信息服务"", ""互联网数据服务"", ""互联网相关服务"", ""货币银行服务""]","[""互联网信息服务"", ""互联网相关服务"", ""货币银行服务""]"
PRO_004024,SUP_0266,1,"[""互联网数据服务"", ""货币银行服务"", ""互联网信息服务"", ""其他未列明金融业""]","[""货币银行服务"", ""互联网信息服务"", ""其他未列明金融业""]"
PRO_004029,SUP_0266,1,"[""互联网数据服务"", ""货币银行服务"", ""电信"", ""互联网信息服务"", ""国家行政机构"", ""化学药品原料药制造"", ""其他未列明制造业"", ""基础化学原料制造"", ""专用化学产品制造"", ""其他批发业""]","[""货币银行服务"", ""电信"", ""互联网信息服务"", ""国家行政机构"", ""化学药品原料药制造"", ""其他未列明制造业"", ""基础化学原料制造"", ""专用化学产品制造"", ""其他批发业""]"
PRO_004020,SUP_0266,1,"[""互联网数据服务"", ""互联网信息服务"", ""互联网相关服务"", ""货币银行服务""]","[""互联网数据服务"", ""互联网相关服务"", ""货币银行服务""]"
PRO_004030,SUP_0266,1,"[""互联网数据服务"", ""互联网信息服务"", ""货币银行服务"", ""互联网相关服务""]","[""互联网数据服务"", ""货币银行服务"", ""互联网相关服务""]"
PRO_004028,SUP_0266,1,"[""互联网数据服务"", ""货币银行服务"", ""国家行政机构"", ""其他未列明金融业"", ""环境治理业""]","[""货币银行服务"", ""国家行政机构"", ""其他未列明金融业"", ""环境治理业""]"
PRO_004624,SUP_0298,1,"[""互联网数据服务"", ""货币银行服务"", ""金融信息服务"", ""国家行政机构""]","[""互联网数据服务"", ""金融信息服务"", ""国家行政机构""]"
PRO_004654,SUP_0298,2,"[""货币银行服务"", ""互联网数据服务"", ""互联网信息服务""]","[""互联网数据服务"", ""互联网信息服务""]"
PRO_004641,SUP_0298,1,"[""互联网数据服务"", ""货币银行服务"", ""公路旅客运输"", ""互联网信息服务"", ""测绘地理信息服务"", ""运输代理业"", ""金融信息服务"", ""道路货物运输""]","[""互联网数据服务"", ""公路旅客运输"", ""互联网信息服务"", ""测绘地理信息服务"", ""运输代理业"", ""金融信息服务"", ""道路货物运输""]"
PRO_004667,SUP_0298,1,"[""互联网数据服务"", ""互联网信息服务"", ""信息技术服务"", ""国家行政机构"", ""货币银行服务"", ""人身保险""]","[""互联网数据服务"", ""互联网信息服务"", ""信息技术服务"", ""国家行政机构"", ""人身保险""]"
PRO_004716,SUP_0298,1,"[""货币银行服务"", ""金融信息服务"", ""电信""]","[""金融信息服务"", ""电信""]"
PRO_004540,SUP_0298,2,"[""电信"", ""软件开发"", ""货币银行服务"", ""互联网数据服务"", ""金融信息服务""]","[""电信"", ""软件开发"", ""互联网数据服务"", ""金融信息服务""]"
PRO_002985,SUP_0166,1,"[""电信"", ""货币银行服务"", ""互联网相关服务"", ""互联网信息服务"", ""互联网数据服务"", ""金融信息服务""]","[""电信"", ""货币银行服务"", ""互联网相关服务"", ""互联网信息服务"", ""互联网数据服务"", ""金融信息服务""]"
PRO_002965,SUP_0166,1,"[""电信"", ""智能交通"", ""城市公共交通运输"", ""其他未列明服务业"", ""数字政府"", ""货币银行服务"", ""互联网数据服务""]","[""智能交通"", ""城市公共交通运输"", ""其他未列明服务业"", ""数字政府"", ""货币银行服务"", ""互联网数据服务""]"
PRO_002966,SUP_0166,1,"[""电信"", ""互联网数据服务"", ""货币银行服务"", ""测绘地理信息服务""]","[""互联网数据服务"", ""货币银行服务"", ""测绘地理信息服务""]"
PRO_004009,SUP_0266,1,"[""互联网数据服务"", ""互联网信息服务""]","[""互联网信息服务""]"
PRO_004092,SUP_0266,1,"[""互联网数据服务"", ""互联网信息服务"", ""货币银行服务"", ""互联网相关服务""]","[""互联网信息服务"", ""货币银行服务"", ""互联网相关服务""]"
PRO_004010,SUP_0266,1,"[""互联网数据服务"", ""互联网信息服务""]","[""互联网信息服务""]"
PRO_003985,SUP_0266,1,"[""互联网数据服务"", ""互联网信息服务""]","[""互联网信息服务""]"
PRO_003989,SUP_0266,1,"[""互联网数据服务"", ""互联网信息服务""]","[""互联网信息服务""]"
PRO_004107,SUP_0266,1,"[""互联网数据服务"", ""互联网相关服务"", ""互联网信息服务"", ""法律服务""]","[""互联网相关服务"", ""互联网信息服务"", ""法律服务""]"
PRO_004123,SUP_0266,1,"[""互联网数据服务"", ""互联网信息服务""]","[""互联网数据服务""]"
PRO_004118,SUP_0266,1,"[""互联网数据服务"", ""互联网信息服务"", ""互联网相关服务""]","[""互联网信息服务"", ""互联网相关服务""]"
PRO_004094,SUP_0266,1,"[""互联网数据服务"", ""互联网信息服务""]","[""互联网数据服务""]"
PRO_004045,SUP_0266,1,"[""互联网数据服务"", ""货币银行服务"", ""互联网信息服务"", ""软件开发"", ""互联网相关服务""]","[""互联网数据服务"", ""货币银行服务"", ""软件开发"", ""互联网相关服务""]"
PRO_004042,SUP_0266,1,"[""互联网数据服务"", ""货币银行服务"", ""信息技术服务"", ""国家行政机构"", ""人身保险""]","[""互联网数据服务"", ""货币银行服务"", ""信息技术服务"", ""国家行政机构"", ""人身保险""]"
PRO_004076,SUP_0266,1,"[""互联网平台"", ""货币银行服务"", ""互联网数据服务"", ""智慧物流"", ""金融信息服务"", ""国家行政机构"", ""其他未列明金融业""]","[""互联网平台"", ""货币银行服务"", ""智慧物流"", ""金融信息服务"", ""国家行政机构"", ""其他未列明金融业""]"
PRO_004115,SUP_0266,1,"[""互联网数据服务"", ""互联网相关服务"", ""人民法院和人民检察院"", ""法律服务"", ""互联网信息服务""]","[""互联网数据服务"", ""互联网相关服务"", ""人民法院和人民检察院"", ""法律服务""]"
PRO_004041,SUP_0266,1,"[""互联网信息服务"", ""互联网数据服务""]","[""互联网信息服务""]"
PRO_004038,SUP_0266,1,"[""互联网数据服务"", ""互联网信息服务"", ""互联网相关服务""]","[""互联网数据服务"", ""互联网相关服务""]"
PRO_004084,SUP_0266,1,"[""互联网数据服务"", ""互联网信息服务""]","[""互联网数据服务""]"
PRO_004085,SUP_0266,1,"[""互联网数据服务"", ""互联网信息服务"", ""货币银行服务""]","[""互联网信息服务"", ""货币银行服务""]"
PRO_004033,SUP_0266,1,"[""互联网数据服务"", ""货币银行服务"", ""互联网相关服务"", ""互联网信息服务""]","[""货币银行服务"", ""互联网相关服务"", ""互联网信息服务""]"
PRO_004049,SUP_0266,1,"[""互联网信息服务"", ""互联网数据服务"", ""法律服务"", ""互联网相关服务"", ""其他未列明金融业"", ""货币银行服务""]","[""互联网数据服务"", ""法律服务"", ""互联网相关服务"", ""其他未列明金融业"", ""货币银行服务""]"
PRO_004048,SUP_0266,1,"[""互联网数据服务"", ""互联网信息服务"", ""互联网相关服务"", ""货币银行服务""]","[""互联网数据服务"", ""互联网相关服务"", ""货币银行服务""]"
PRO_003987,SUP_0266,1,"[""互联网数据服务"", ""互联网信息服务""]","[""互联网信息服务""]"
PRO_001746,SUP_0127,1,"[""电信"", ""软件开发"", ""货币银行服务"", ""互联网数据服务"", ""其他未列明金融业"", ""国家行政机构""]","[""软件开发"", ""货币银行服务"", ""互联网数据服务"", ""其他未列明金融业"", ""国家行政机构""]"
PRO_004113,SUP_0266,1,"[""互联网数据服务"", ""互联网信息服务""]","[""互联网信息服务""]"
PRO_004075,SUP_0266,1,"[""互联网数据服务"", ""互联网信息服务""]","[""互联网信息服务""]"
PRO_004072,SUP_0266,1,"[""互联网数据服务"", ""互联网信息服务""]","[""互联网信息服务""]"
PRO_003995,SUP_0266,1,"[""互联网数据服务"", ""互联网信息服务"", ""互联网相关服务"", ""软件开发"", ""货币银行服务""]","[""互联网数据服务"", ""互联网相关服务"", ""软件开发"", ""货币银行服务""]"
PRO_003994,SUP_0266,1,"[""互联网信息服务"", ""互联网数据服务"", ""互联网相关服务"", ""软件开发""]","[""互联网信息服务"", ""互联网相关服务"", ""软件开发""]"
PRO_004001,SUP_0266,1,"[""互联网数据服务"", ""互联网信息服务""]","[""互联网信息服务""]"
PRO_003996,SUP_0266,1,"[""互联网信息服务"", ""互联网数据服务"", ""货币银行服务"", ""互联网相关服务"", ""软件开发""]","[""互联网信息服务"", ""货币银行服务"", ""互联网相关服务"", ""软件开发""]"
PRO_004000,SUP_0266,1,"[""互联网数据服务"", ""互联网信息服务""]","[""互联网信息服务""]"
PRO_003998,SUP_0266,1,"[""互联网数据服务"", ""国家行政机构"", ""互联网信息服务"", ""信息技术服务"", ""货币银行服务"", ""人身保险""]","[""国家行政机构"", ""互联网信息服务"", ""信息技术服务"", ""货币银行服务"", ""人身保险""]"
PRO_004002,SUP_0266,1,"[""互联网数据服务"", ""互联网信息服务""]","[""互联网数据服务""]"
PRO_004087,SUP_0266,1,"[""互联网数据服务"", ""互联网信息服务"", ""互联网相关服务"", ""法律服务""]","[""互联网数据服务"", ""互联网信息服务"", ""法律服务""]"
PRO_004026,SUP_0266,1,"[""互联网信息服务"", ""互联网数据服务"", ""互联网相关服务""]","[""互联网信息服务"", ""互联网数据服务""]"
PRO_004027,SUP_0266,1,"[""互联网数据服务"", ""货币银行服务"", ""互联网信息服务"", ""互联网相关服务""]","[""互联网数据服务"", ""货币银行服务"", ""互联网信息服务""]"
PRO_004060,SUP_0266,1,"[""互联网数据服务"", ""互联网信息服务"", ""法律服务"", ""互联网相关服务""]","[""互联网数据服务"", ""互联网信息服务"", ""法律服务""]"
PRO_004093,SUP_0266,1,"[""互联网数据服务"", ""互联网信息服务""]","[""互联网信息服务""]"
PRO_004114,SUP_0266,1,"[""互联网数据服务"", ""互联网相关服务""]","[""互联网相关服务""]"
PRO_004089,SUP_0266,1,"[""互联网数据服务"", ""互联网信息服务""]","[""互联网数据服务""]"
PRO_004103,SUP_0266,1,"[""互联网数据服务"", ""货币银行服务"", ""电信"", ""互联网信息服务"", ""国家行政机构"", ""化学药品原料药制造"", ""其他未列明制造业"", ""基础化学原料制造"", ""专用化学产品制造"", ""其他批发业""]","[""货币银行服务"", ""电信"", ""互联网信息服务"", ""国家行政机构"", ""化学药品原料药制造"", ""其他未列明制造业"", ""基础化学原料制造"", ""专用化学产品制造"", ""其他批发业""]"
PRO_004102,SUP_0266,1,"[""互联网数据服务"", ""货币银行服务"", ""国家行政机构"", ""其他未列明金融业"", ""环境治理业""]","[""货币银行服务"", ""国家行政机构"", ""其他未列明金融业"", ""环境治理业""]"
PRO_004110,SUP_0266,1,"[""互联网数据服务"", ""货币银行服务"", ""互联网信息服务"", ""软件开发"", ""互联网相关服务""]","[""互联网数据服务"", ""货币银行服务"", ""软件开发"", ""互联网相关服务""]"
PRO_004073,SUP_0266,1,"[""互联网数据服务"", ""互联网相关服务"", ""互联网信息服务"", ""人民法院和人民检察院"", ""法律服务""]","[""互联网相关服务"", ""互联网信息服务"", ""人民法院和人民检察院"", ""法律服务""]"
PRO_004014,SUP_0266,1,"[""互联网数据服务"", ""互联网信息服务"", ""互联网相关服务"", ""货币银行服务""]","[""互联网信息服务"", ""互联网相关服务"", ""货币银行服务""]"
PRO_004065,SUP_0266,1,"[""互联网数据服务"", ""互联网信息服务"", ""互联网相关服务""]","[""互联网信息服务"", ""互联网相关服务""]"
PRO_003991,SUP_0266,1,"[""互联网数据服务"", ""互联网信息服务""]","[""互联网信息服务""]"
PRO_004105,SUP_0266,1,"[""互联网数据服务"", ""互联网相关服务"", ""法律服务"", ""互联网信息服务""]","[""互联网相关服务"", ""法律服务"", ""互联网信息服务""]"
PRO_004036,SUP_0266,1,"[""互联网数据服务"", ""互联网信息服务""]","[""互联网信息服务""]"
PRO_004104,SUP_0266,1,"[""互联网信息服务"", ""互联网数据服务"", ""互联网相关服务"", ""货币银行服务""]","[""互联网信息服务"", ""互联网相关服务"", ""货币银行服务""]"
PRO_001742,SUP_0127,1,"[""电信"", ""软件开发"", ""互联网数据服务"", ""货币银行服务"", ""金融信息服务"", ""国家行政机构""]","[""软件开发"", ""互联网数据服务"", ""货币银行服务"", ""金融信息服务"", ""国家行政机构""]"
PRO_001762,SUP_0127,2,"[""电信"", ""互联网数据服务"", ""货币银行服务""]","[""货币银行服务""]"
PRO_005723,SUP_0353,1,"[""互联网数据服务"", ""互联网平台"", ""国家行政机构"", ""智慧物流"", ""信息技术服务"", ""货币银行服务""]","[""互联网平台"", ""国家行政机构"", ""智慧物流"", ""信息技术服务"", ""货币银行服务""]"
PRO_004702,SUP_0298,1,"[""电信"", ""互联网数据服务"", ""城市公共交通运输"", ""货币银行服务""]","[""电信"", ""互联网数据服务"", ""城市公共交通运输""]"
PRO_000655,SUP_0038,1,"[""互联网数据服务"", ""货币银行服务"", ""其他未列明金融业"", ""互联网信息服务"", ""道路货物运输""]","[""互联网数据服务"", ""货币银行服务"", ""互联网信息服务"", ""道路货物运输""]"
PRO_000661,SUP_0038,1,"[""其他未列明金融业"", ""软件开发""]","[""软件开发""]"
PRO_000650,SUP_0038,1,"[""其他未列明金融业"", ""软件开发""]","[""软件开发""]"
PRO_000657,SUP_0038,1,"[""货币银行服务"", ""互联网信息服务"", ""其他未列明金融业"", ""互联网数据服务"", ""互联网相关服务""]","[""货币银行服务"", ""互联网信息服务"", ""互联网数据服务"", ""互联网相关服务""]"
PRO_000659,SUP_0038,1,"[""其他未列明金融业"", ""软件开发""]","[""软件开发""]"
PRO_004112,SUP_0266,1,"[""互联网数据服务"", ""互联网相关服务"", ""互联网信息服务"", ""金融信息服务"", ""货币银行服务""]","[""互联网数据服务"", ""互联网信息服务"", ""金融信息服务"", ""货币银行服务""]"
PRO_004111,SUP_0266,1,"[""互联网数据服务"", ""互联网信息服务""]","[""互联网数据服务"", ""互联网信息服务""]"
PRO_004074,SUP_0266,1,"[""互联网数据服务"", ""互联网相关服务"", ""互联网信息服务""]","[""互联网相关服务"", ""互联网信息服务""]"
PRO_003990,SUP_0266,1,"[""互联网数据服务"", ""互联网信息服务""]","[""互联网信息服务""]"
PRO_004117,SUP_0266,1,"[""互联网数据服务"", ""互联网信息服务"", ""互联网相关服务""]","[""互联网数据服务"", ""互联网相关服务""]"
PRO_004081,SUP_0266,1,"[""互联网数据服务"", ""互联网信息服务"", ""互联网相关服务""]","[""互联网数据服务"", ""互联网相关服务""]"
PRO_004066,SUP_0266,1,"[""互联网数据服务"", ""互联网信息服务"", ""互联网相关服务""]","[""互联网数据服务"", ""互联网信息服务""]"
PRO_004106,SUP_0266,1,"[""互联网数据服务"", ""互联网相关服务"", ""互联网信息服务""]","[""互联网相关服务"", ""互联网信息服务""]"
PRO_004053,SUP_0266,1,"[""互联网数据服务"", ""互联网信息服务""]","[""互联网信息服务""]"
PRO_004124,SUP_0266,1,"[""互联网数据服务"", ""互联网信息服务""]","[""互联网信息服务""]"
PRO_004078,SUP_0266,1,"[""互联网数据服务"", ""互联网信息服务"", ""互联网相关服务""]","[""互联网信息服务"", ""互联网相关服务""]"
PRO_004061,SUP_0266,1,"[""互联网数据服务"", ""互联网信息服务""]","[""互联网信息服务""]"
PRO_004043,SUP_0266,1,"[""互联网数据服务"", ""互联网信息服务"", ""货币银行服务"", ""软件开发""]","[""互联网信息服务"", ""货币银行服务"", ""软件开发""]"
PRO_004064,SUP_0266,1,"[""互联网数据服务"", ""互联网信息服务""]","[""互联网信息服务""]"
PRO_004037,SUP_0266,1,"[""互联网数据服务"", ""互联网信息服务"", ""互联网相关服务""]","[""互联网信息服务"", ""互联网相关服务""]"
PRO_001768,SUP_0127,1,"[""电信"", ""软件开发"", ""货币银行服务"", ""互联网数据服务""]","[""软件开发"", ""货币银行服务"", ""互联网数据服务""]"
PRO_004125,SUP_0266,1,"[""互联网数据服务"", ""货币银行服务"", ""互联网信息服务"", ""电信"", ""互联网相关服务"", ""金融信息服务""]","[""货币银行服务"", ""互联网信息服务"", ""电信"", ""互联网相关服务"", ""金融信息服务""]"
PRO_004126,SUP_0266,1,"[""互联网数据服务"", ""货币银行服务"", ""电信"", ""互联网相关服务"", ""金融信息服务""]","[""互联网数据服务"", ""货币银行服务"", ""电信"", ""互联网相关服务"", ""金融信息服务""]"
PRO_004015,SUP_0266,1,"[""互联网数据服务"", ""互联网信息服务"", ""互联网相关服务""]","[""互联网信息服务"", ""互联网相关服务""]"
PRO_004050,SUP_0266,1,"[""互联网数据服务"", ""互联网相关服务"", ""货币银行服务"", ""其他房屋建筑业""]","[""互联网数据服务"", ""互联网相关服务"", ""货币银行服务"", ""其他房屋建筑业""]"
PRO_003986,SUP_0266,1,"[""互联网数据服务"", ""互联网信息服务""]","[""互联网信息服务""]"
PRO_001748,SUP_0127,1,"[""电信"", ""软件开发"", ""货币银行服务"", ""互联网数据服务"", ""国家行政机构"", ""金融信息服务""]","[""软件开发"", ""货币银行服务"", ""互联网数据服务"", ""国家行政机构"", ""金融信息服务""]"
PRO_001744,SUP_0127,1,"[""电信"", ""货币银行服务"", ""软件开发"", ""互联网数据服务"", ""国家行政机构""]","[""电信"", ""货币银行服务"", ""互联网数据服务"", ""国家行政机构""]"
PRO_003997,SUP_0266,1,"[""互联网数据服务"", ""互联网信息服务"", ""货币银行服务"", ""互联网相关服务"", ""软件开发""]","[""互联网数据服务"", ""货币银行服务"", ""互联网相关服务"", ""软件开发""]"
PRO_004005,SUP_0266,1,"[""互联网数据服务"", ""互联网信息服务""]","[""互联网信息服务""]"
PRO_004004,SUP_0266,1,"[""互联网数据服务"", ""互联网信息服务""]","[""互联网信息服务""]"
PRO_004006,SUP_0266,1,"[""互联网数据服务"", ""互联网信息服务"", ""互联网相关服务""]","[""互联网信息服务"", ""互联网相关服务""]"
PRO_004082,SUP_0266,1,"[""互联网数据服务"", ""互联网相关服务""]","[""互联网数据服务"", ""互联网相关服务""]"
PRO_004116,SUP_0266,1,"[""互联网数据服务"", ""互联网信息服务""]","[""互联网数据服务""]"
PRO_004091,SUP_0266,1,"[""互联网数据服务"", ""互联网信息服务""]","[""互联网信息服务""]"
PRO_004013,SUP_0266,1,"[""互联网数据服务"", ""互联网信息服务"", ""互联网相关服务""]","[""互联网信息服务"", ""互联网相关服务""]"
PRO_004088,SUP_0266,1,"[""互联网数据服务"", ""互联网信息服务""]","[""互联网信息服务""]"
PRO_004059,SUP_0266,1,"[""互联网数据服务"", ""互联网相关服务"", ""金融信息服务"", ""货币银行服务""]","[""互联网相关服务"", ""金融信息服务"", ""货币银行服务""]"
PRO_004047,SUP_0266,1,"[""互联网数据服务"", ""互联网信息服务""]","[""互联网数据服务""]"
PRO_004070,SUP_0266,1,"[""互联网数据服务"", ""互联网信息服务""]","[""互联网数据服务""]"
PRO_004077,SUP_0266,1,"[""互联网数据服务"", ""货币银行服务"", ""环境治理业"", ""国家行政机构""]","[""货币银行服务"", ""环境治理业"", ""国家行政机构""]"
PRO_004129,SUP_0266,1,"[""互联网数据服务"", ""互联网信息服务"", ""互联网相关服务"", ""货币银行服务"", ""其他房屋建筑业""]","[""互联网信息服务"", ""互联网相关服务"", ""货币银行服务"", ""其他房屋建筑业""]"
PRO_004090,SUP_0266,1,"[""互联网信息服务"", ""互联网数据服务""]","[""互联网数据服务""]"
PRO_004097,SUP_0266,1,"[""互联网数据服务"", ""互联网信息服务"", ""互联网相关服务"", ""货币银行服务""]","[""互联网信息服务"", ""互联网相关服务"", ""货币银行服务""]"
PRO_004098,SUP_0266,1,"[""互联网数据服务"", ""货币银行服务"", ""互联网相关服务"", ""互联网信息服务""]","[""货币银行服务"", ""互联网相关服务"", ""互联网信息服务""]"
PRO_004054,SUP_0266,1,"[""互联网数据服务"", ""互联网信息服务"", ""互联网相关服务""]","[""互联网数据服务"", ""互联网信息服务""]"
PRO_004127,SUP_0266,1,"[""互联网数据服务"", ""互联网信息服务""]","[""互联网信息服务""]"
PRO_004128,SUP_0266,1,"[""互联网数据服务"", ""互联网信息服务"", ""互联网相关服务""]","[""互联网信息服务"", ""互联网相关服务""]"
PRO_004011,SUP_0266,1,"[""互联网数据服务"", ""互联网信息服务"", ""信息技术服务"", ""货币银行服务"", ""人身保险""]","[""互联网信息服务"", ""信息技术服务"", ""货币银行服务"", ""人身保险""]"
PRO_004012,SUP_0266,1,"[""互联网数据服务"", ""互联网信息服务""]","[""互联网信息服务""]"
PRO_004034,SUP_0266,1,"[""互联网数据服务"", ""互联网信息服务""]","[""互联网数据服务""]"
PRO_004052,SUP_0266,1,"[""互联网数据服务"", ""互联网信息服务"", ""互联网相关服务""]","[""互联网信息服务"", ""互联网相关服务""]"
PRO_004079,SUP_0266,1,"[""互联网数据服务"", ""互联网信息服务"", ""货币银行服务"", ""互联网相关服务""]","[""互联网数据服务"", ""互联网信息服务"", ""货币银行服务"", ""互联网相关服务""]"
PRO_004046,SUP_0266,1,"[""互联网数据服务"", ""互联网相关服务"", ""互联网信息服务""]","[""互联网相关服务"", ""互联网信息服务""]"
PRO_004032,SUP_0266,1,"[""互联网数据服务"", ""互联网信息服务""]","[""互联网信息服务""]"
PRO_004109,SUP_0266,1,"[""互联网数据服务"", ""互联网信息服务"", ""互联网相关服务""]","[""互联网信息服务"", ""互联网相关服务""]"
PRO_004108,SUP_0266,1,"[""互联网数据服务"", ""互联网信息服务"", ""互联网相关服务""]","[""互联网信息服务"", ""互联网相关服务""]"
PRO_003988,SUP_0266,1,"[""互联网数据服务"", ""互联网信息服务"", ""货币银行服务"", ""其他房屋建筑业"", ""互联网相关服务""]","[""互联网信息服务"", ""货币银行服务"", ""其他房屋建筑业"", ""互联网相关服务""]"
PRO_000653,SUP_0038,1,"[""其他未列明金融业"", ""软件开发"", ""货币银行服务"", ""道路货物运输""]","[""软件开发"", ""货币银行服务"", ""道路货物运输""]"
PRO_001763,SUP_0127,1,"[""电信"", ""货币银行服务"", ""互联网数据服务""]","[""货币银行服务"", ""互联网数据服务""]"
PRO_001764,SUP_0127,1,"[""电信"", ""货币银行服务"", ""互联网数据服务""]","[""货币银行服务"", ""互联网数据服务""]"
PRO_001787,SUP_0128,1,"[""互联网数据服务"", ""城市公共交通运输"", ""技能培训、教育辅助及其他教育"", ""道路运输辅助活动"", ""互联网相关服务"", ""信息技术咨询服务"", ""电信"", ""货币银行服务"", ""国家行政机构""]","[""城市公共交通运输"", ""技能培训、教育辅助及其他教育"", ""道路运输辅助活动"", ""互联网相关服务"", ""信息技术咨询服务"", ""电信"", ""货币银行服务"", ""国家行政机构""]"
PRO_001788,SUP_0128,1,"[""互联网数据服务"", ""技能培训、教育辅助及其他教育"", ""道路运输辅助活动"", ""互联网相关服务"", ""信息技术咨询服务"", ""电信"", ""货币银行服务"", ""国家行政机构""]","[""互联网数据服务"", ""技能培训、教育辅助及其他教育"", ""道路运输辅助活动"", ""互联网相关服务"", ""信息技术咨询服务"", ""电信"", ""货币银行服务"", ""国家行政机构""]"
PRO_000654,SUP_0038,1,"[""其他未列明金融业"", ""软件开发"", ""货币银行服务"", ""道路货物运输""]","[""软件开发"", ""货币银行服务"", ""道路货物运输""]"
PRO_003932,SUP_0263,1,"[""互联网平台"", ""互联网数据服务"", ""互联网信息服务"", ""互联网相关服务"", ""非金融机构支付服务""]","[""互联网平台"", ""互联网数据服务"", ""互联网信息服务"", ""非金融机构支付服务""]"
PRO_003929,SUP_0263,1,"[""互联网平台"", ""互联网数据服务"", ""互联网相关服务"", ""互联网信息服务"", ""人力资源服务""]","[""互联网数据服务"", ""互联网相关服务"", ""互联网信息服务"", ""人力资源服务""]"
PRO_003930,SUP_0263,1,"[""互联网平台"", ""互联网数据服务"", ""互联网相关服务"", ""非金融机构支付服务""]","[""互联网平台"", ""互联网数据服务"", ""互联网相关服务"", ""非金融机构支付服务""]"
PRO_003931,SUP_0263,1,"[""互联网数据服务"", ""互联网相关服务"", ""互联网平台"", ""互联网信息服务"", ""非金融机构支付服务""]","[""互联网数据服务"", ""互联网相关服务"", ""互联网信息服务"", ""非金融机构支付服务""]"
PRO_004062,SUP_0266,1,"[""互联网数据服务"", ""国家行政机构"", ""互联网信息服务"", ""信息技术服务"", ""货币银行服务"", ""人身保险""]","[""国家行政机构"", ""互联网信息服务"", ""信息技术服务"", ""货币银行服务"", ""人身保险""]"
PRO_004067,SUP_0266,1,"[""互联网数据服务"", ""互联网相关服务"", ""互联网信息服务"", ""软件开发""]","[""互联网数据服务"", ""互联网信息服务"", ""软件开发""]"
PRO_001710,SUP_0122,1,"[""互联网数据服务"", ""互联网信息服务"", ""互联网相关服务"", ""软件开发"", ""互联网平台"", ""电信""]","[""互联网信息服务"", ""互联网相关服务"", ""软件开发"", ""互联网平台"", ""电信""]"
PRO_001712,SUP_0122,1,"[""互联网数据服务"", ""互联网信息服务"", ""软件开发"", ""电信"", ""医院"", ""不提供住宿社会工作""]","[""互联网数据服务"", ""互联网信息服务"", ""软件开发"", ""电信"", ""医院"", ""不提供住宿社会工作""]"
PRO_004068,SUP_0266,1,"[""互联网数据服务"", ""互联网信息服务""]","[""互联网信息服务""]"
PRO_002859,SUP_0159,1,"[""互联网数据服务"", ""技能培训、教育辅助及其他教育"", ""城市公共交通运输"", ""人力资源服务"", ""信息技术咨询服务"", ""测绘地理信息服务"", ""环境治理业"", ""砖瓦、石材等建筑材料制造"", ""水泥、石灰和石膏制造""]","[""互联网数据服务"", ""技能培训、教育辅助及其他教育"", ""城市公共交通运输"", ""人力资源服务"", ""信息技术咨询服务"", ""测绘地理信息服务"", ""环境治理业"", ""砖瓦、石材等建筑材料制造"", ""水泥、石灰和石膏制造""]"
PRO_004044,SUP_0266,1,"[""互联网信息服务"", ""互联网数据服务"", ""货币银行服务"", ""软件开发"", ""互联网相关服务""]","[""互联网信息服务"", ""货币银行服务"", ""软件开发"", ""互联网相关服务""]"
PRO_004063,SUP_0266,1,"[""互联网数据服务"", ""互联网信息服务""]","[""互联网信息服务""]"
PRO_004039,SUP_0266,1,"[""互联网信息服务"", ""互联网相关服务"", ""互联网数据服务""]","[""互联网相关服务"", ""互联网数据服务""]"
PRO_005731,SUP_0353,1,"[""互联网数据服务"", ""国家行政机构"", ""货币银行服务"", ""互联网信息服务"", ""信息技术服务"", ""人身保险""]","[""国家行政机构"", ""货币银行服务"", ""互联网信息服务"", ""信息技术服务"", ""人身保险""]"
PRO_004086,SUP_0266,1,"[""互联网数据服务"", ""互联网信息服务"", ""货币银行服务""]","[""互联网信息服务"", ""货币银行服务""]"
PRO_001714,SUP_0122,1,"[""互联网数据服务"", ""软件开发"", ""互联网相关服务"", ""互联网平台"", ""互联网信息服务"", ""电信""]","[""互联网数据服务"", ""软件开发"", ""互联网相关服务"", ""互联网平台"", ""电信""]"
PRO_004101,SUP_0266,1,"[""互联网数据服务"", ""互联网信息服务""]","[""互联网数据服务""]"
PRO_003993,SUP_0266,1,"[""互联网数据服务"", ""国家行政机构"", ""信息技术服务"", ""互联网信息服务"", ""货币银行服务"", ""人身保险""]","[""国家行政机构"", ""信息技术服务"", ""互联网信息服务"", ""货币银行服务"", ""人身保险""]"
PRO_004083,SUP_0266,1,"[""互联网信息服务"", ""互联网数据服务"", ""法律服务"", ""人力资源服务""]","[""互联网数据服务"", ""法律服务"", ""人力资源服务""]"
PRO_003895,SUP_0252,1,"[""智能交通"", ""市政设施管理"", ""软件开发"", ""城市公共交通运输"", ""数字政府"", ""非金融机构支付服务""]","[""智能交通"", ""市政设施管理"", ""软件开发"", ""城市公共交通运输"", ""数字政府"", ""非金融机构支付服务""]"
PRO_004154,SUP_0268,1,"[""货币银行服务"", ""互联网数据服务"", ""互联网信息服务"", ""综合零售"", ""国家行政机构"", ""互联网相关服务"", ""高等教育"", ""非货币银行服务"", ""其他社会保障"", ""房地产中介服务""]","[""互联网数据服务"", ""互联网信息服务"", ""综合零售"", ""国家行政机构"", ""互联网相关服务"", ""高等教育"", ""非货币银行服务"", ""其他社会保障"", ""房地产中介服务""]"
PRO_004100,SUP_0266,1,"[""互联网数据服务"", ""互联网信息服务"", ""互联网相关服务""]","[""互联网信息服务"", ""互联网相关服务""]"
PRO_004099,SUP_0266,1,"[""互联网数据服务"", ""互联网相关服务"", ""互联网信息服务""]","[""互联网相关服务"", ""互联网信息服务""]"
PRO_004096,SUP_0266,1,"[""互联网数据服务"", ""互联网信息服务""]","[""互联网信息服务""]"
PRO_004095,SUP_0266,1,"[""互联网数据服务"", ""互联网信息服务"", ""互联网相关服务""]","[""互联网信息服务"", ""互联网相关服务""]"
PRO_004056,SUP_0266,1,"[""互联网相关服务"", ""互联网信息服务"", ""互联网数据服务""]","[""互联网相关服务"", ""互联网信息服务""]"
PRO_004057,SUP_0266,1,"[""互联网数据服务"", ""互联网信息服务"", ""互联网相关服务"", ""电信""]","[""互联网信息服务"", ""互联网相关服务"", ""电信""]"
PRO_004058,SUP_0266,1,"[""互联网数据服务"", ""互联网相关服务"", ""互联网信息服务""]","[""互联网数据服务"", ""互联网相关服务""]"
PRO_004055,SUP_0266,1,"[""互联网数据服务"", ""互联网信息服务"", ""互联网相关服务""]","[""互联网数据服务"", ""互联网相关服务""]"
PRO_004514,SUP_0292,1,"[""智能交通"", ""市政设施管理"", ""数字政府"", ""互联网数据服务"", ""人力资源服务"", ""非金融机构支付服务"", ""橡胶制品业"", ""塑料制品业""]","[""智能交通"", ""市政设施管理"", ""数字政府"", ""互联网数据服务"", ""人力资源服务"", ""非金融机构支付服务"", ""橡胶制品业"", ""塑料制品业""]"
PRO_001090,SUP_0078,2,"[""互联网数据服务"", ""国家行政机构"", ""信息技术服务"", ""互联网信息服务"", ""货币银行服务""]","[""互联网数据服务"", ""国家行政机构"", ""信息技术服务"", ""互联网信息服务""]"
PRO_004643,SUP_0298,1,"[""货币银行服务"", ""互联网数据服务""]","[""互联网数据服务""]"
PRO_004671,SUP_0298,2,"[""互联网数据服务"", ""货币银行服务"", ""其他未列明金融业"", ""环境治理业"", ""国家行政机构""]","[""互联网数据服务"", ""其他未列明金融业"", ""环境治理业""]"
PRO_004600,SUP_0298,1,"[""互联网数据服务"", ""其他未列明金融业"", ""国家行政机构"", ""货币银行服务"", ""环境治理业""]","[""互联网数据服务"", ""其他未列明金融业"", ""国家行政机构"", ""环境治理业""]"
PRO_004611,SUP_0298,1,"[""货币银行服务"", ""互联网数据服务"", ""互联网相关服务"", ""其他未列明金融业""]","[""互联网数据服务"", ""互联网相关服务"", ""其他未列明金融业""]"
PRO_004580,SUP_0298,1,"[""货币银行服务"", ""法律服务""]","[""法律服务""]"
PRO_004613,SUP_0298,1,"[""货币银行服务"", ""法律服务""]","[""法律服务""]"
PRO_004560,SUP_0298,2,"[""货币银行服务"", ""国家行政机构"", ""互联网数据服务""]","[""国家行政机构"", ""互联网数据服务""]"
PRO_004553,SUP_0298,1,"[""货币银行服务"", ""其他未列明金融业"", ""互联网信息服务"", ""法律服务""]","[""其他未列明金融业"", ""互联网信息服务"", ""法律服务""]"
PRO_004596,SUP_0298,1,"[""货币银行服务"", ""互联网数据服务"", ""互联网信息服务""]","[""互联网数据服务"", ""互联网信息服务""]"
PRO_004634,SUP_0298,1,"[""货币银行服务""]",[]
PRO_004675,SUP_0298,1,"[""互联网数据服务"", ""货币银行服务"", ""互联网信息服务"", ""互联网相关服务"", ""电信""]","[""互联网数据服务"", ""货币银行服务"", ""互联网信息服务"", ""互联网相关服务"", ""电信""]"
PRO_004585,SUP_0298,1,"[""货币银行服务""]",[]
PRO_004663,SUP_0298,1,"[""货币银行服务""]",[]
PRO_004543,SUP_0298,1,"[""货币银行服务"", ""互联网相关服务"", ""互联网数据服务"", ""房地产租赁经营"", ""其他未列明金融业"", ""金融信息服务""]","[""互联网相关服务"", ""互联网数据服务"", ""房地产租赁经营"", ""其他未列明金融业"", ""金融信息服务""]"
PRO_004604,SUP_0298,1,"[""货币银行服务"", ""互联网数据服务"", ""金融信息服务""]","[""互联网数据服务"", ""金融信息服务""]"
PRO_004636,SUP_0298,1,"[""货币银行服务"", ""法律服务""]","[""法律服务""]"
PRO_004673,SUP_0298,1,"[""货币银行服务"", ""互联网数据服务"", ""互联网信息服务"", ""国家行政机构"", ""电信""]","[""互联网数据服务"", ""互联网信息服务"", ""国家行政机构"", ""电信""]"
PRO_004602,SUP_0298,1,"[""货币银行服务"", ""互联网数据服务"", ""互联网信息服务"", ""国家行政机构"", ""电信""]","[""互联网数据服务"", ""互联网信息服务"", ""国家行政机构"", ""电信""]"
PRO_004647,SUP_0298,1,"[""货币银行服务""]",[]
PRO_004591,SUP_0298,1,"[""货币银行服务"", ""法律服务""]","[""法律服务""]"
PRO_004557,SUP_0298,2,"[""货币银行服务"", ""互联网数据服务"", ""互联网信息服务"", ""互联网相关服务"", ""金融信息服务""]","[""互联网数据服务"", ""互联网信息服务"", ""互联网相关服务"", ""金融信息服务""]"
PRO_004533,SUP_0298,1,"[""货币银行服务"", ""互联网数据服务"", ""互联网信息服务"", ""软件开发""]","[""互联网数据服务"", ""互联网信息服务"", ""软件开发""]"
PRO_004688,SUP_0298,1,"[""货币银行服务"", ""互联网数据服务""]","[""互联网数据服务""]"
PRO_004617,SUP_0298,1,"[""货币银行服务"", ""互联网信息服务"", ""互联网数据服务"", ""互联网相关服务"", ""软件开发""]","[""互联网信息服务"", ""互联网数据服务"", ""互联网相关服务"", ""软件开发""]"
PRO_004576,SUP_0298,1,"[""货币银行服务""]",[]
PRO_004627,SUP_0298,1,"[""货币银行服务"", ""国家行政机构"", ""互联网数据服务"", ""人身保险""]","[""国家行政机构"", ""互联网数据服务"", ""人身保险""]"
PRO_004538,SUP_0298,1,"[""货币银行服务""]",[]
PRO_004593,SUP_0298,1,"[""货币银行服务""]",[]
PRO_004573,SUP_0298,1,"[""货币银行服务""]",[]
PRO_004609,SUP_0298,1,"[""货币银行服务"", ""金融信息服务""]","[""金融信息服务""]"
PRO_004555,SUP_0298,1,"[""货币银行服务"", ""金融信息服务""]","[""金融信息服务""]"
PRO_004606,SUP_0298,1,"[""货币银行服务""]",[]
PRO_004677,SUP_0298,1,"[""货币银行服务"", ""金融信息服务""]","[""金融信息服务""]"
PRO_004656,SUP_0298,1,"[""货币银行服务"", ""互联网数据服务"", ""人力资源服务"", ""互联网平台"", ""国家行政机构"", ""金融信息服务""]","[""互联网数据服务"", ""人力资源服务"", ""互联网平台"", ""国家行政机构"", ""金融信息服务""]"
PRO_004548,SUP_0298,1,"[""货币银行服务"", ""其他未列明金融业"", ""互联网信息服务""]","[""其他未列明金融业"", ""互联网信息服务""]"
PRO_004546,SUP_0298,1,"[""货币银行服务"", ""其他未列明金融业"", ""互联网信息服务"", ""法律服务""]","[""其他未列明金融业"", ""互联网信息服务"", ""法律服务""]"
PRO_004575,SUP_0298,2,"[""互联网数据服务"", ""货币银行服务"", ""互联网信息服务"", ""国家行政机构"", ""金融信息服务""]","[""互联网数据服务"", ""互联网信息服务"", ""国家行政机构""]"
PRO_004710,SUP_0298,1,"[""货币银行服务"", ""互联网数据服务"", ""国家行政机构"", ""信息技术服务"", ""金融信息服务"", ""人身保险""]","[""互联网数据服务"", ""国家行政机构"", ""信息技术服务"", ""金融信息服务"", ""人身保险""]"
PRO_004558,SUP_0298,2,"[""货币银行服务"", ""互联网数据服务"", ""互联网相关服务"", ""互联网信息服务""]","[""互联网数据服务"", ""互联网相关服务"", ""互联网信息服务""]"
PRO_004638,SUP_0298,1,"[""货币银行服务""]",[]
PRO_004551,SUP_0298,1,"[""互联网数据服务"", ""货币银行服务"", ""互联网信息服务"", ""软件开发"", ""互联网相关服务""]","[""互联网数据服务"", ""互联网信息服务"", ""软件开发"", ""互联网相关服务""]"
PRO_004650,SUP_0298,1,"[""货币银行服务"", ""电信"", ""互联网数据服务""]","[""电信"", ""互联网数据服务""]"
PRO_004529,SUP_0298,1,"[""货币银行服务""]",[]
PRO_004649,SUP_0298,2,"[""货币银行服务"", ""互联网数据服务"", ""互联网平台"", ""金融信息服务"", ""智慧物流""]","[""互联网数据服务"", ""互联网平台"", ""金融信息服务"", ""智慧物流""]"
PRO_004571,SUP_0298,1,"[""货币银行服务"", ""法律服务""]","[""法律服务""]"
PRO_004631,SUP_0298,1,"[""互联网数据服务"", ""货币银行服务"", ""其他未列明金融业"", ""互联网信息服务""]","[""互联网数据服务"", ""其他未列明金融业"", ""互联网信息服务""]"
PRO_004567,SUP_0298,1,"[""货币银行服务"", ""法律服务""]","[""货币银行服务""]"
PRO_004561,SUP_0298,1,"[""货币银行服务"", ""法律服务""]","[""货币银行服务""]"
PRO_004578,SUP_0298,1,"[""货币银行服务"", ""法律服务"", ""其他未列明金融业""]","[""法律服务"", ""其他未列明金融业""]"
PRO_004583,SUP_0298,1,"[""货币银行服务"", ""法律服务""]","[""法律服务""]"
PRO_004669,SUP_0298,1,"[""货币银行服务"", ""金融信息服务""]","[""金融信息服务""]"
PRO_004619,SUP_0298,1,"[""货币银行服务"", ""互联网信息服务"", ""互联网数据服务"", ""软件开发""]","[""互联网信息服务"", ""互联网数据服务"", ""软件开发""]"
PRO_004712,SUP_0298,1,"[""货币银行服务"", ""互联网数据服务""]","[""互联网数据服务""]"
PRO_004535,SUP_0298,1,"[""互联网数据服务"", ""货币银行服务"", ""互联网信息服务"", ""其他未列明金融业""]","[""互联网数据服务"", ""互联网信息服务"", ""其他未列明金融业""]"
PRO_004659,SUP_0298,1,"[""货币银行服务"", ""法律服务""]","[""法律服务""]"
PRO_004665,SUP_0298,1,"[""货币银行服务"", ""互联网数据服务"", ""互联网信息服务"", ""互联网相关服务""]","[""互联网数据服务"", ""互联网信息服务"", ""互联网相关服务""]"
PRO_004598,SUP_0298,1,"[""货币银行服务"", ""互联网数据服务"", ""互联网信息服务"", ""互联网相关服务""]","[""互联网数据服务"", ""互联网信息服务"", ""互联网相关服务""]"
PRO_004564,SUP_0298,2,"[""金融信息服务"", ""互联网数据服务"", ""货币银行服务"", ""不提供住宿社会工作"", ""医院"", ""针织或钩针编织物及其制品制造""]","[""互联网数据服务"", ""不提供住宿社会工作"", ""医院"", ""针织或钩针编织物及其制品制造""]"
PRO_004661,SUP_0298,1,"[""互联网数据服务"", ""互联网信息服务"", ""货币银行服务""]","[""互联网数据服务"", ""互联网信息服务""]"
PRO_004569,SUP_0298,1,"[""货币银行服务"", ""互联网信息服务"", ""法律服务""]","[""互联网信息服务"", ""法律服务""]"
PRO_004622,SUP_0298,2,"[""电信"", ""货币银行服务"", ""金融信息服务"", ""互联网相关服务"", ""软件开发""]","[""电信"", ""互联网相关服务"", ""软件开发""]"
PRO_004706,SUP_0298,2,"[""电信"", ""测绘地理信息服务"", ""互联网数据服务"", ""货币银行服务"", ""城市公共交通运输""]","[""测绘地理信息服务"", ""互联网数据服务"", ""城市公共交通运输""]"
PRO_001766,SUP_0127,1,"[""电信"", ""测绘地理信息服务"", ""货币银行服务"", ""互联网数据服务"", ""技能培训、教育辅助及其他教育"", ""人力资源服务"", ""环境治理业""]","[""测绘地理信息服务"", ""货币银行服务"", ""互联网数据服务"", ""技能培训、教育辅助及其他教育"", ""人力资源服务"", ""环境治理业""]"
PRO_001323,SUP_0104,1,"[""电信"", ""货币银行服务"", ""软件开发"", ""互联网数据服务"", ""互联网信息服务"", ""金融信息服务""]","[""电信"", ""货币银行服务"", ""软件开发"", ""互联网数据服务"", ""互联网信息服务"", ""金融信息服务""]"
PRO_005722,SUP_0353,1,"[""其他未列明金融业"", ""互联网数据服务"", ""金融信息服务"", ""软件开发"", ""货币银行服务""]","[""其他未列明金融业"", ""金融信息服务"", ""软件开发"", ""货币银行服务""]"
PRO_000718,SUP_0047,2,"[""智能交通"", ""人力资源服务"", ""软件开发"", ""互联网相关服务"", ""环境卫生管理"", ""综合零售"", ""橡胶制品业"", ""塑料制品业"", ""数字政府"", ""非金融机构支付服务""]","[""智能交通"", ""人力资源服务"", ""软件开发"", ""互联网相关服务"", ""环境卫生管理"", ""综合零售"", ""数字政府"", ""非金融机构支付服务""]"
PRO_000717,SUP_0047,2,"[""人力资源服务"", ""环境卫生管理"", ""针织或钩针编织物及其制品制造"", ""软件开发"", ""国家行政机构"", ""橡胶制品业"", ""塑料制品业"", ""水泥、石灰和石膏制造"", ""砖瓦、石材等建筑材料制造"", ""谷物种植""]","[""人力资源服务"", ""环境卫生管理"", ""针织或钩针编织物及其制品制造"", ""软件开发"", ""国家行政机构"", ""水泥、石灰和石膏制造"", ""砖瓦、石材等建筑材料制造"", ""谷物种植""]"
PRO_001817,SUP_0131,1,"[""贸易经纪与代理"", ""电信"", ""互联网信息服务"", ""纺织、服装及家庭用品批发"", ""互联网数据服务"", ""电力供应"", ""货币银行服务"", ""互联网相关服务"", ""金融信息服务"", ""数字金融""]","[""贸易经纪与代理"", ""电信"", ""互联网信息服务"", ""纺织、服装及家庭用品批发"", ""互联网数据服务"", ""电力供应"", ""货币银行服务"", ""互联网相关服务"", ""金融信息服务"", ""数字金融""]"
PRO_004152,SUP_0268,1,"[""互联网数据服务"", ""货币银行服务"", ""其他未列明金融业"", ""互联网平台"", ""非金融机构支付服务"", ""互联网相关服务""]","[""货币银行服务"", ""其他未列明金融业"", ""互联网平台"", ""非金融机构支付服务"", ""互联网相关服务""]"
PRO_005724,SUP_0353,1,"[""互联网数据服务"", ""国家行政机构"", ""货币银行服务"", ""互联网信息服务"", ""信息技术服务"", ""人身保险""]","[""国家行政机构"", ""货币银行服务"", ""互联网信息服务"", ""信息技术服务"", ""人身保险""]"
PRO_004153,SUP_0268,1,"[""测绘地理信息服务"", ""互联网数据服务"", ""软件开发"", ""技能培训、教育辅助及其他教育"", ""货币银行服务"", ""人力资源服务"", ""电信"", ""数字政府""]","[""测绘地理信息服务"", ""互联网数据服务"", ""软件开发"", ""技能培训、教育辅助及其他教育"", ""货币银行服务"", ""人力资源服务"", ""电信"", ""数字政府""]"
PRO_001824,SUP_0133,1,"[""互联网信息服务"", ""互联网数据服务"", ""软件开发"", ""互联网相关服务"", ""货币银行服务""]","[""互联网信息服务"", ""软件开发"", ""互联网相关服务"", ""货币银行服务""]"
PRO_004071,SUP_0266,1,"[""互联网数据服务"", ""互联网信息服务"", ""互联网相关服务""]","[""互联网数据服务"", ""互联网信息服务""]"
PRO_000049,SUP_0019,1,"[""互联网数据服务"", ""互联网信息服务"", ""其他批发业"", ""货币银行服务"", ""智慧物流"", ""公路旅客运输""]","[""互联网信息服务"", ""其他批发业"", ""货币银行服务"", ""智慧物流"", ""公路旅客运输""]"
PRO_003415,SUP_0195,1,"[""电力供应"", ""国家行政机构"", ""其他批发业"", ""环境卫生管理"", ""针织或钩针编织物及其制品制造"", ""信息技术咨询服务"", ""林业专业及辅助性活动"", ""砖瓦、石材等建筑材料制造"", ""水泥、石灰和石膏制造"", ""医院""]","[""电力供应"", ""国家行政机构"", ""其他批发业"", ""环境卫生管理"", ""针织或钩针编织物及其制品制造"", ""信息技术咨询服务"", ""林业专业及辅助性活动"", ""砖瓦、石材等建筑材料制造"", ""水泥、石灰和石膏制造"", ""医院""]"
PRO_003830,SUP_0247,1,"[""其他信息技术服务业"", ""货币银行服务"", ""其他批发业"", ""互联网数据服务"", ""贸易经纪与代理"", ""机械设备、五金产品及电子产品批发"", ""纺织、服装及家庭用品批发"", ""电信"", ""互联网信息服务"", ""互联网相关服务""]","[""其他信息技术服务业"", ""货币银行服务"", ""其他批发业"", ""互联网数据服务"", ""贸易经纪与代理"", ""机械设备、五金产品及电子产品批发"", ""纺织、服装及家庭用品批发"", ""电信"", ""互联网信息服务"", ""互联网相关服务""]"
PRO_003414,SUP_0195,1,"[""贸易经纪与代理"", ""国家行政机构"", ""其他批发业"", ""环境卫生管理"", ""针织或钩针编织物及其制品制造"", ""信息技术咨询服务"", ""林业专业及辅助性活动"", ""砖瓦、石材等建筑材料制造"", ""水泥、石灰和石膏制造"", ""医院""]","[""贸易经纪与代理"", ""国家行政机构"", ""其他批发业"", ""环境卫生管理"", ""针织或钩针编织物及其制品制造"", ""信息技术咨询服务"", ""林业专业及辅助性活动"", ""砖瓦、石材等建筑材料制造"", ""水泥、石灰和石膏制造"", ""医院""]"
PRO_000059,SUP_0023,1,"[""医院"", ""人力资源服务"", ""数字政府"", ""电信"", ""软件开发"", ""货币银行服务"", ""互联网数据服务"", ""技能培训、教育辅助及其他教育"", ""基层医疗卫生服务""]","[""人力资源服务"", ""数字政府"", ""电信"", ""软件开发"", ""货币银行服务"", ""互联网数据服务"", ""技能培训、教育辅助及其他教育"", ""基层医疗卫生服务""]"
PRO_000060,SUP_0023,1,"[""医院"", ""电信"", ""货币银行服务"", ""人力资源服务"", ""技能培训、教育辅助及其他教育"", ""数字政府"", ""互联网数据服务"", ""基层医疗卫生服务""]","[""电信"", ""货币银行服务"", ""人力资源服务"", ""技能培训、教育辅助及其他教育"", ""数字政府"", ""互联网数据服务"", ""基层医疗卫生服务""]"
PRO_000039,SUP_0013,2,"[""环境卫生管理"", ""人力资源服务"", ""技能培训、教育辅助及其他教育"", ""针织或钩针编织物及其制品制造"", ""环境治理业"", ""信息技术咨询服务"", ""测绘地理信息服务"", ""国家行政机构"", ""医院"", ""基层医疗卫生服务""]","[""环境卫生管理"", ""人力资源服务"", ""技能培训、教育辅助及其他教育"", ""针织或钩针编织物及其制品制造"", ""环境治理业"", ""信息技术咨询服务"", ""测绘地理信息服务"", ""国家行政机构"", ""医院"", ""基层医疗卫生服务""]"
PRO_000061,SUP_0024,1,"[""货币银行服务"", ""人力资源服务"", ""其他信息技术服务业"", ""软件开发"", ""医院"", ""环境卫生管理"", ""国家行政机构"", ""综合零售"", ""互联网相关服务"", ""非金融机构支付服务""]","[""货币银行服务"", ""人力资源服务"", ""其他信息技术服务业"", ""软件开发"", ""医院"", ""环境卫生管理"", ""国家行政机构"", ""综合零售"", ""互联网相关服务"", ""非金融机构支付服务""]"
PRO_003829,SUP_0247,1,"[""国家行政机构"", ""其他批发业"", ""货币银行服务"", ""互联网数据服务"", ""数字政府"", ""纺织、服装及家庭用品批发"", ""贸易经纪与代理"", ""互联网相关服务""]","[""国家行政机构"", ""其他批发业"", ""货币银行服务"", ""互联网数据服务"", ""数字政府"", ""纺织、服装及家庭用品批发"", ""贸易经纪与代理"", ""互联网相关服务""]"
PRO_000055,SUP_0021,1,"[""医院"", ""综合零售"", ""人力资源服务"", ""软件开发"", ""数字政府"", ""货币银行服务"", ""信息技术咨询服务"", ""橡胶制品业"", ""塑料制品业"", ""谷物种植""]","[""综合零售"", ""人力资源服务"", ""软件开发"", ""数字政府"", ""货币银行服务"", ""信息技术咨询服务"", ""橡胶制品业"", ""塑料制品业"", ""谷物种植""]"
PRO_000079,SUP_0029,1,"[""不提供住宿社会工作"", ""农业专业及辅助性活动"", ""软件开发"", ""国家行政机构"", ""货币银行服务"", ""综合零售"", ""环境卫生管理"", ""金融信息服务"", ""化学药品原料药制造"", ""其他未列明制造业""]","[""不提供住宿社会工作"", ""农业专业及辅助性活动"", ""软件开发"", ""货币银行服务"", ""综合零售"", ""环境卫生管理"", ""金融信息服务"", ""化学药品原料药制造"", ""其他未列明制造业""]"
PRO_003430,SUP_0205,1,"[""医院"", ""农业专业及辅助性活动"", ""货币银行服务"", ""软件开发"", ""金融信息服务"", ""环境卫生管理"", ""国家行政机构"", ""互联网数据服务"", ""谷物种植"", ""中药材种植""]","[""医院"", ""农业专业及辅助性活动"", ""货币银行服务"", ""软件开发"", ""金融信息服务"", ""环境卫生管理"", ""国家行政机构"", ""互联网数据服务"", ""谷物种植"", ""中药材种植""]"
PRO_003175,SUP_0169,1,"[""数字政府"", ""橡胶制品业"", ""塑料制品业"", ""其他未列明金融业"", ""医院"", ""环境卫生管理"", ""综合零售"", ""信息技术咨询服务"", ""技能培训、教育辅助及其他教育"", ""谷物种植""]","[""数字政府"", ""橡胶制品业"", ""塑料制品业"", ""其他未列明金融业"", ""医院"", ""环境卫生管理"", ""综合零售"", ""信息技术咨询服务"", ""技能培训、教育辅助及其他教育"", ""谷物种植""]"
PRO_001851,SUP_0136,1,"[""互联网数据服务"", ""软件开发"", ""信息技术服务"", ""信息技术咨询服务"", ""其他信息技术服务业"", ""其他未列明金融业"", ""国家行政机构"", ""货币银行服务"", ""化学药品原料药制造"", ""其他未列明制造业""]","[""互联网数据服务"", ""软件开发"", ""信息技术服务"", ""信息技术咨询服务"", ""其他信息技术服务业"", ""其他未列明金融业"", ""国家行政机构"", ""货币银行服务"", ""化学药品原料药制造"", ""其他未列明制造业""]"
PRO_001296,SUP_0097,2,"[""人力资源服务"", ""信息技术咨询服务"", ""环境卫生管理"", ""国家行政机构"", ""互联网平台"", ""林业专业及辅助性活动"", ""货币银行服务"", ""技能培训、教育辅助及其他教育"", ""砖瓦、石材等建筑材料制造"", ""水泥、石灰和石膏制造""]","[""人力资源服务"", ""信息技术咨询服务"", ""环境卫生管理"", ""国家行政机构"", ""互联网平台"", ""林业专业及辅助性活动"", ""货币银行服务"", ""技能培训、教育辅助及其他教育"", ""砖瓦、石材等建筑材料制造"", ""水泥、石灰和石膏制造""]"
PRO_001191,SUP_0084,1,"[""纺织、服装及家庭用品批发"", ""其他批发业"", ""国家行政机构"", ""机械设备、五金产品及电子产品批发"", ""贸易经纪与代理""]","[""纺织、服装及家庭用品批发"", ""其他批发业"", ""国家行政机构"", ""机械设备、五金产品及电子产品批发""]"
PRO_001192,SUP_0084,1,"[""其他批发业"", ""贸易经纪与代理"", ""纺织、服装及家庭用品批发"", ""国家行政机构"", ""机械设备、五金产品及电子产品批发"", ""货币银行服务""]","[""其他批发业"", ""贸易经纪与代理"", ""国家行政机构"", ""机械设备、五金产品及电子产品批发"", ""货币银行服务""]"
PRO_001190,SUP_0084,1,"[""互联网数据服务"", ""国家行政机构"", ""纺织、服装及家庭用品批发"", ""货币银行服务"", ""贸易经纪与代理"", ""机械设备、五金产品及电子产品批发"", ""电信"", ""互联网信息服务""]","[""互联网数据服务"", ""国家行政机构"", ""纺织、服装及家庭用品批发"", ""货币银行服务"", ""贸易经纪与代理"", ""机械设备、五金产品及电子产品批发"", ""电信"", ""互联网信息服务""]"
PRO_001189,SUP_0084,1,"[""其他批发业"", ""纺织、服装及家庭用品批发"", ""互联网数据服务"", ""国家行政机构"", ""贸易经纪与代理"", ""机械设备、五金产品及电子产品批发""]","[""其他批发业"", ""互联网数据服务"", ""国家行政机构"", ""贸易经纪与代理"", ""机械设备、五金产品及电子产品批发""]"
PRO_001196,SUP_0084,2,"[""贸易经纪与代理"", ""纺织、服装及家庭用品批发"", ""国家行政机构"", ""机械设备、五金产品及电子产品批发"", ""电力供应"", ""其他批发业"", ""货币银行服务""]","[""贸易经纪与代理"", ""纺织、服装及家庭用品批发"", ""机械设备、五金产品及电子产品批发"", ""电力供应"", ""货币银行服务""]"
PRO_001195,SUP_0084,1,"[""纺织、服装及家庭用品批发"", ""公路旅客运输"", ""国家行政机构"", ""其他批发业"", ""机械设备、五金产品及电子产品批发"", ""贸易经纪与代理"", ""运输代理业""]","[""纺织、服装及家庭用品批发"", ""公路旅客运输"", ""国家行政机构"", ""其他批发业"", ""机械设备、五金产品及电子产品批发"", ""运输代理业""]"
PRO_001194,SUP_0084,1,"[""纺织、服装及家庭用品批发"", ""贸易经纪与代理"", ""国家行政机构"", ""其他批发业"", ""机械设备、五金产品及电子产品批发"", ""技能培训、教育辅助及其他教育""]","[""纺织、服装及家庭用品批发"", ""贸易经纪与代理"", ""国家行政机构"", ""机械设备、五金产品及电子产品批发"", ""技能培训、教育辅助及其他教育""]"
PRO_001193,SUP_0084,1,"[""纺织、服装及家庭用品批发"", ""其他批发业"", ""贸易经纪与代理"", ""国家行政机构"", ""货币银行服务""]","[""纺织、服装及家庭用品批发"", ""其他批发业"", ""贸易经纪与代理"", ""国家行政机构"", ""货币银行服务""]"
PRO_000076,SUP_0028,1,"[""其他批发业"", ""互联网数据服务"", ""国家行政机构"", ""技能培训、教育辅助及其他教育"", ""纺织、服装及家庭用品批发"", ""机械设备、五金产品及电子产品批发"", ""贸易经纪与代理"", ""货币银行服务""]","[""其他批发业"", ""互联网数据服务"", ""国家行政机构"", ""技能培训、教育辅助及其他教育"", ""机械设备、五金产品及电子产品批发"", ""贸易经纪与代理"", ""货币银行服务""]"
PRO_000077,SUP_0028,1,"[""环境卫生管理"", ""技能培训、教育辅助及其他教育"", ""不提供住宿社会工作"", ""国家行政机构"", ""电力供应"", ""贸易经纪与代理"", ""软件开发"", ""其他批发业"", ""砖瓦、石材等建筑材料制造"", ""水泥、石灰和石膏制造""]","[""环境卫生管理"", ""技能培训、教育辅助及其他教育"", ""不提供住宿社会工作"", ""国家行政机构"", ""电力供应"", ""贸易经纪与代理"", ""软件开发"", ""其他批发业"", ""砖瓦、石材等建筑材料制造"", ""水泥、石灰和石膏制造""]"
PRO_001774,SUP_0127,1,"[""电信"", ""软件开发"", ""货币银行服务"", ""互联网数据服务"", ""互联网相关服务"", ""金融信息服务"", ""国家行政机构""]","[""软件开发"", ""货币银行服务"", ""互联网数据服务"", ""互联网相关服务"", ""金融信息服务"", ""国家行政机构""]"
PRO_004351,SUP_0287,1,"[""其他信息技术服务业"", ""其他批发业"", ""货币银行服务"", ""互联网数据服务"", ""国家行政机构"", ""婚姻服务"", ""纺织、服装及家庭用品批发"", ""金融信息服务"", ""电信"", ""互联网信息服务""]","[""其他信息技术服务业"", ""其他批发业"", ""货币银行服务"", ""国家行政机构"", ""婚姻服务"", ""纺织、服装及家庭用品批发"", ""金融信息服务"", ""电信"", ""互联网信息服务""]"
PRO_000066,SUP_0026,1,"[""货币银行服务"", ""道路货物运输"", ""智慧物流"", ""测绘地理信息服务"", ""互联网信息服务"", ""金融信息服务""]","[""货币银行服务"", ""道路货物运输"", ""智慧物流"", ""测绘地理信息服务"", ""互联网信息服务"", ""金融信息服务""]"
PRO_000070,SUP_0026,1,"[""市政设施管理"", ""城市公共交通运输"", ""国家行政机构"", ""其他批发业"", ""贸易经纪与代理"", ""智能交通"", ""机械设备、五金产品及电子产品批发"", ""纺织、服装及家庭用品批发"", ""电信"", ""互联网信息服务""]","[""市政设施管理"", ""城市公共交通运输"", ""国家行政机构"", ""其他批发业"", ""贸易经纪与代理"", ""智能交通"", ""机械设备、五金产品及电子产品批发"", ""纺织、服装及家庭用品批发"", ""电信"", ""互联网信息服务""]"
PRO_000050,SUP_0019,1,"[""互联网数据服务"", ""货币银行服务"", ""金融信息服务"", ""互联网信息服务""]","[""互联网数据服务"", ""货币银行服务"", ""金融信息服务"", ""互联网信息服务""]"
PRO_000036,SUP_0012,1,"[""互联网数据服务"", ""货币银行服务"", ""林业专业及辅助性活动"", ""国家行政机构"", ""电信"", ""互联网信息服务"", ""化学药品原料药制造"", ""其他未列明制造业"", ""基础化学原料制造"", ""专用化学产品制造""]","[""互联网数据服务"", ""货币银行服务"", ""林业专业及辅助性活动"", ""电信"", ""互联网信息服务"", ""化学药品原料药制造"", ""其他未列明制造业"", ""基础化学原料制造"", ""专用化学产品制造""]"
PRO_000033,SUP_0012,1,"[""国家行政机构"", ""农业专业及辅助性活动"", ""林业专业及辅助性活动"", ""环境卫生管理"", ""针织或钩针编织物及其制品制造"", ""信息技术咨询服务"", ""水泥、石灰和石膏制造"", ""医院"", ""基层医疗卫生服务"", ""砖瓦、石材等建筑材料制造""]","[""农业专业及辅助性活动"", ""林业专业及辅助性活动"", ""环境卫生管理"", ""针织或钩针编织物及其制品制造"", ""信息技术咨询服务"", ""水泥、石灰和石膏制造"", ""医院"", ""基层医疗卫生服务"", ""砖瓦、石材等建筑材料制造""]"
PRO_000038,SUP_0012,1,"[""国家行政机构"", ""金融信息服务"", ""软件开发"", ""货币银行服务"", ""综合零售"", ""互联网数据服务"", ""化学药品原料药制造"", ""其他未列明制造业"", ""基础化学原料制造"", ""专用化学产品制造""]","[""国家行政机构"", ""金融信息服务"", ""软件开发"", ""货币银行服务"", ""综合零售"", ""互联网数据服务"", ""化学药品原料药制造"", ""其他未列明制造业"", ""基础化学原料制造"", ""专用化学产品制造""]"
PRO_000035,SUP_0012,15,"[""国家行政机构"", ""农业专业及辅助性活动"", ""其他未列明金融业"", ""橡胶制品业"", ""塑料制品业"", ""林业专业及辅助性活动""]","[""国家行政机构"", ""农业专业及辅助性活动"", ""其他未列明金融业"", ""橡胶制品业"", ""塑料制品业"", ""林业专业及辅助性活动""]"
PRO_000034,SUP_0012,1,"[""国家行政机构"", ""农业专业及辅助性活动"", ""金融信息服务"", ""货币银行服务"", ""软件开发"", ""互联网数据服务"", ""综合零售"", ""化学药品原料药制造"", ""其他未列明制造业"", ""基础化学原料制造""]","[""农业专业及辅助性活动"", ""金融信息服务"", ""货币银行服务"", ""软件开发"", ""互联网数据服务"", ""综合零售"", ""化学药品原料药制造"", ""其他未列明制造业"", ""基础化学原料制造""]"
PRO_000037,SUP_0012,1,"[""国家行政机构"", ""金融信息服务"", ""互联网数据服务"", ""农业专业及辅助性活动"", ""货币银行服务"", ""软件开发"", ""综合零售"", ""化学药品原料药制造"", ""其他未列明制造业"", ""基础化学原料制造""]","[""金融信息服务"", ""互联网数据服务"", ""农业专业及辅助性活动"", ""货币银行服务"", ""软件开发"", ""综合零售"", ""化学药品原料药制造"", ""其他未列明制造业"", ""基础化学原料制造""]"
PRO_000054,SUP_0020,1,"[""货币银行服务"", ""电信"", ""测绘地理信息服务"", ""其他未列明金融业"", ""互联网相关服务"", ""互联网数据服务"", ""智能交通"", ""互联网信息服务"", ""公路旅客运输""]","[""货币银行服务"", ""电信"", ""测绘地理信息服务"", ""其他未列明金融业"", ""互联网相关服务"", ""互联网数据服务"", ""智能交通"", ""互联网信息服务"", ""公路旅客运输""]"
PRO_000044,SUP_0017,2,"[""货币银行服务"", ""国家行政机构"", ""互联网数据服务"", ""数字政府"", ""其他信息技术服务业"", ""其他批发业"", ""电信"", ""互联网信息服务""]","[""国家行政机构"", ""互联网数据服务"", ""数字政府"", ""其他信息技术服务业"", ""其他批发业"", ""电信"", ""互联网信息服务""]"
PRO_000720,SUP_0048,1,"[""电信"", ""货币银行服务"", ""软件开发"", ""其他未列明金融业"", ""互联网数据服务"", ""国家行政机构""]","[""电信"", ""软件开发"", ""其他未列明金融业"", ""互联网数据服务"", ""国家行政机构""]"
PRO_004348,SUP_0287,1,"[""互联网数据服务"", ""纺织、服装及家庭用品批发"", ""其他批发业"", ""货币银行服务"", ""婚姻服务"", ""金融信息服务"", ""国家行政机构"", ""电信"", ""互联网信息服务""]","[""纺织、服装及家庭用品批发"", ""其他批发业"", ""货币银行服务"", ""婚姻服务"", ""金融信息服务"", ""国家行政机构"", ""电信"", ""互联网信息服务""]"
PRO_004187,SUP_0279,1,"[""电信"", ""互联网相关服务"", ""非专业视听设备制造"", ""货币银行服务"", ""互联网数据服务""]","[""互联网相关服务"", ""非专业视听设备制造"", ""货币银行服务"", ""互联网数据服务""]"
PRO_004186,SUP_0279,1,"[""电信"", ""互联网相关服务"", ""非专业视听设备制造"", ""货币银行服务"", ""互联网数据服务""]","[""互联网相关服务"", ""非专业视听设备制造"", ""货币银行服务"", ""互联网数据服务""]"
PRO_004189,SUP_0279,1,"[""不提供住宿社会工作"", ""货币银行服务"", ""金融信息服务"", ""电信"", ""互联网相关服务"", ""互联网数据服务"", ""互联网平台"", ""软件开发"", ""互联网信息服务""]","[""不提供住宿社会工作"", ""货币银行服务"", ""金融信息服务"", ""互联网相关服务"", ""互联网数据服务"", ""互联网平台"", ""软件开发"", ""互联网信息服务""]"
PRO_004190,SUP_0279,1,"[""电信"", ""软件开发"", ""互联网相关服务"", ""货币银行服务"", ""互联网信息服务"", ""测绘地理信息服务""]","[""软件开发"", ""互联网相关服务"", ""货币银行服务"", ""互联网信息服务"", ""测绘地理信息服务""]"
PRO_004191,SUP_0280,9,"[""人力资源服务"", ""橡胶制品业"", ""塑料制品业"", ""环境卫生管理"", ""综合零售"", ""互联网相关服务"", ""针织或钩针编织物及其制品制造"", ""数字政府"", ""互联网平台""]","[""人力资源服务"", ""橡胶制品业"", ""塑料制品业"", ""环境卫生管理"", ""综合零售"", ""互联网相关服务"", ""针织或钩针编织物及其制品制造"", ""数字政府"", ""互联网平台""]"
PRO_000083,SUP_0031,1,"[""人力资源服务"", ""公路旅客运输"", ""技能培训、教育辅助及其他教育"", ""信息技术咨询服务"", ""运输代理业"", ""医院"", ""基层医疗卫生服务"", ""砖瓦、石材等建筑材料制造"", ""水泥、石灰和石膏制造"", ""橡胶制品业""]","[""人力资源服务"", ""公路旅客运输"", ""技能培训、教育辅助及其他教育"", ""信息技术咨询服务"", ""运输代理业"", ""医院"", ""基层医疗卫生服务"", ""砖瓦、石材等建筑材料制造"", ""水泥、石灰和石膏制造"", ""橡胶制品业""]"
PRO_000043,SUP_0017,1,"[""互联网数据服务"", ""货币银行服务"", ""国家行政机构"", ""数字政府"", ""综合零售"", ""互联网相关服务"", ""电信"", ""互联网信息服务""]","[""互联网数据服务"", ""国家行政机构"", ""数字政府"", ""综合零售"", ""互联网相关服务"", ""电信"", ""互联网信息服务""]"
PRO_001833,SUP_0134,2,"[""其他房屋建筑业"", ""炼铁"", ""牲畜饲养"", ""安全保护服务"", ""城乡市容管理"", ""互联网数据服务"", ""谷物种植"", ""软件开发"", ""非专业视听设备制造"", ""工矿工程建筑""]","[""其他房屋建筑业"", ""炼铁"", ""牲畜饲养"", ""安全保护服务"", ""城乡市容管理"", ""互联网数据服务"", ""软件开发"", ""非专业视听设备制造"", ""工矿工程建筑""]"
PRO_001835,SUP_0134,3,"[""谷物种植"", ""软件开发"", ""牲畜饲养"", ""城乡市容管理"", ""炼铁"", ""安全保护服务"", ""水上运输辅助活动"", ""互联网数据服务"", ""森林经营、管护和改培"", ""其他房屋建筑业""]","[""谷物种植"", ""软件开发"", ""牲畜饲养"", ""城乡市容管理"", ""炼铁"", ""安全保护服务"", ""水上运输辅助活动"", ""互联网数据服务"", ""森林经营、管护和改培"", ""其他房屋建筑业""]"
PRO_001831,SUP_0134,1,"[""谷物种植"", ""牲畜饲养"", ""城乡市容管理"", ""炼铁"", ""安全保护服务"", ""水上运输辅助活动"", ""互联网数据服务"", ""森林经营、管护和改培"", ""铁路、道路、隧道和桥梁工程建筑"", ""其他农业""]","[""谷物种植"", ""牲畜饲养"", ""城乡市容管理"", ""炼铁"", ""安全保护服务"", ""水上运输辅助活动"", ""互联网数据服务"", ""森林经营、管护和改培"", ""铁路、道路、隧道和桥梁工程建筑"", ""其他农业""]"
PRO_001838,SUP_0134,1,"[""软件开发"", ""牲畜饲养"", ""城乡市容管理"", ""炼铁"", ""安全保护服务"", ""水上运输辅助活动"", ""互联网数据服务"", ""谷物种植"", ""森林经营、管护和改培"", ""铁路、道路、隧道和桥梁工程建筑""]","[""软件开发"", ""牲畜饲养"", ""城乡市容管理"", ""炼铁"", ""安全保护服务"", ""水上运输辅助活动"", ""互联网数据服务"", ""森林经营、管护和改培"", ""铁路、道路、隧道和桥梁工程建筑""]"
PRO_001828,SUP_0134,1,"[""谷物种植"", ""其他房屋建筑业"", ""牲畜饲养"", ""炼铁"", ""安全保护服务"", ""软件开发"", ""互联网数据服务"", ""森林经营、管护和改培"", ""工矿工程建筑"", ""其他煤炭采选""]","[""谷物种植"", ""其他房屋建筑业"", ""牲畜饲养"", ""炼铁"", ""安全保护服务"", ""软件开发"", ""互联网数据服务"", ""森林经营、管护和改培"", ""工矿工程建筑"", ""其他煤炭采选""]"
PRO_001834,SUP_0134,3,"[""谷物种植"", ""炼铁"", ""牲畜饲养"", ""安全保护服务"", ""城乡市容管理"", ""软件开发"", ""其他房屋建筑业"", ""互联网数据服务"", ""森林经营、管护和改培"", ""铁路、道路、隧道和桥梁工程建筑""]","[""谷物种植"", ""炼铁"", ""牲畜饲养"", ""安全保护服务"", ""城乡市容管理"", ""软件开发"", ""互联网数据服务"", ""森林经营、管护和改培"", ""铁路、道路、隧道和桥梁工程建筑""]"
PRO_001830,SUP_0134,1,"[""谷物种植"", ""其他房屋建筑业"", ""牲畜饲养"", ""城乡市容管理"", ""安全保护服务"", ""软件开发"", ""互联网数据服务"", ""森林经营、管护和改培"", ""工矿工程建筑"", ""其他煤炭采选""]","[""谷物种植"", ""其他房屋建筑业"", ""牲畜饲养"", ""城乡市容管理"", ""安全保护服务"", ""软件开发"", ""互联网数据服务"", ""森林经营、管护和改培"", ""工矿工程建筑"", ""其他煤炭采选""]"
PRO_001837,SUP_0134,1,"[""水上运输辅助活动"", ""城乡市容管理"", ""软件开发"", ""谷物种植"", ""牲畜饲养"", ""炼铁"", ""安全保护服务"", ""非专业视听设备制造"", ""铁路、道路、隧道和桥梁工程建筑"", ""其他农业""]","[""水上运输辅助活动"", ""城乡市容管理"", ""软件开发"", ""谷物种植"", ""牲畜饲养"", ""炼铁"", ""安全保护服务"", ""非专业视听设备制造"", ""铁路、道路、隧道和桥梁工程建筑"", ""其他农业""]"
PRO_001826,SUP_0134,1,"[""谷物种植"", ""其他房屋建筑业"", ""牲畜饲养"", ""炼铁"", ""城乡市容管理"", ""软件开发"", ""互联网数据服务"", ""森林经营、管护和改培"", ""工矿工程建筑"", ""其他煤炭采选""]","[""谷物种植"", ""其他房屋建筑业"", ""牲畜饲养"", ""炼铁"", ""城乡市容管理"", ""软件开发"", ""互联网数据服务"", ""森林经营、管护和改培"", ""工矿工程建筑"", ""其他煤炭采选""]"
PRO_001829,SUP_0134,1,"[""谷物种植"", ""炼铁"", ""安全保护服务"", ""互联网数据服务"", ""牲畜饲养"", ""城乡市容管理"", ""非专业视听设备制造"", ""水上运输辅助活动"", ""森林经营、管护和改培"", ""其他房屋建筑业""]","[""谷物种植"", ""炼铁"", ""安全保护服务"", ""互联网数据服务"", ""牲畜饲养"", ""城乡市容管理"", ""非专业视听设备制造"", ""水上运输辅助活动"", ""森林经营、管护和改培""]"
PRO_001836,SUP_0134,1,"[""谷物种植"", ""测绘地理信息服务"", ""城乡市容管理"", ""炼铁"", ""牲畜饲养"", ""软件开发"", ""安全保护服务"", ""互联网数据服务"", ""森林经营、管护和改培"", ""其他房屋建筑业""]","[""谷物种植"", ""测绘地理信息服务"", ""城乡市容管理"", ""炼铁"", ""牲畜饲养"", ""软件开发"", ""安全保护服务"", ""互联网数据服务"", ""森林经营、管护和改培"", ""其他房屋建筑业""]"
PRO_004188,SUP_0279,1,"[""电信"", ""互联网相关服务"", ""货币银行服务"", ""非专业视听设备制造"", ""互联网数据服务""]","[""互联网相关服务"", ""货币银行服务"", ""非专业视听设备制造"", ""互联网数据服务""]"
PRO_000062,SUP_0025,1,"[""互联网数据服务"", ""互联网平台"", ""货币银行服务"", ""道路货物运输"", ""智慧物流"", ""国家行政机构""]","[""互联网数据服务"", ""货币银行服务"", ""道路货物运输"", ""智慧物流"", ""国家行政机构""]"
PRO_000045,SUP_0017,1,"[""互联网数据服务"", ""货币银行服务"", ""医院"", ""国家行政机构"", ""互联网相关服务"", ""互联网平台"", ""非金融机构支付服务""]","[""货币银行服务"", ""医院"", ""国家行政机构"", ""互联网相关服务"", ""互联网平台"", ""非金融机构支付服务""]"
PRO_000068,SUP_0026,1,"[""电信"", ""货币银行服务"", ""金融信息服务"", ""互联网数据服务""]","[""货币银行服务"", ""金融信息服务"", ""互联网数据服务""]"
PRO_000051,SUP_0019,1,"[""互联网相关服务"", ""货币银行服务"", ""国家行政机构"", ""互联网数据服务"", ""房地产租赁经营"", ""人力资源服务"", ""金融信息服务"", ""医院"", ""基层医疗卫生服务""]","[""互联网相关服务"", ""货币银行服务"", ""国家行政机构"", ""房地产租赁经营"", ""人力资源服务"", ""金融信息服务"", ""医院"", ""基层医疗卫生服务""]"
PRO_000048,SUP_0019,1,"[""货币银行服务"", ""互联网数据服务"", ""金融信息服务"", ""国家行政机构"", ""互联网信息服务""]","[""货币银行服务"", ""金融信息服务"", ""国家行政机构"", ""互联网信息服务""]"
PRO_005201,SUP_0319,1,"[""电信"", ""互联网数据服务"", ""金融信息服务"", ""软件开发"", ""货币银行服务""]","[""电信"", ""金融信息服务"", ""软件开发"", ""货币银行服务""]"
PRO_000081,SUP_0030,1,"[""公路旅客运输"", ""运输代理业"", ""智慧物流"", ""互联网平台"", ""贸易经纪与代理"", ""测绘地理信息服务"", ""货币银行服务"", ""人力资源服务"", ""互联网信息服务""]","[""运输代理业"", ""智慧物流"", ""互联网平台"", ""贸易经纪与代理"", ""测绘地理信息服务"", ""货币银行服务"", ""人力资源服务"", ""互联网信息服务""]"
PRO_000080,SUP_0030,1,"[""公路旅客运输"", ""运输代理业"", ""智能交通"", ""贸易经纪与代理"", ""智慧物流"", ""测绘地理信息服务"", ""人力资源服务"", ""货币银行服务"", ""互联网平台""]","[""运输代理业"", ""智能交通"", ""贸易经纪与代理"", ""智慧物流"", ""测绘地理信息服务"", ""人力资源服务"", ""货币银行服务"", ""互联网平台""]"
PRO_000082,SUP_0030,1,"[""公路旅客运输"", ""运输代理业"", ""智能交通"", ""贸易经纪与代理"", ""智慧物流"", ""测绘地理信息服务"", ""货币银行服务"", ""互联网平台"", ""人力资源服务""]","[""运输代理业"", ""智能交通"", ""贸易经纪与代理"", ""智慧物流"", ""测绘地理信息服务"", ""货币银行服务"", ""互联网平台"", ""人力资源服务""]"
PRO_001315,SUP_0100,1,"[""公路旅客运输"", ""人力资源服务"", ""贸易经纪与代理"", ""智慧物流"", ""互联网平台"", ""货币银行服务"", ""智能交通"", ""互联网数据服务""]","[""公路旅客运输"", ""人力资源服务"", ""贸易经纪与代理"", ""智慧物流"", ""互联网平台"", ""货币银行服务"", ""智能交通"", ""互联网数据服务""]"
PRO_001314,SUP_0100,1,"[""公路旅客运输"", ""互联网数据服务"", ""测绘地理信息服务"", ""运输代理业"", ""道路货物运输""]","[""公路旅客运输"", ""互联网数据服务"", ""测绘地理信息服务"", ""运输代理业"", ""道路货物运输""]"
PRO_000075,SUP_0028,1,"[""纺织、服装及家庭用品批发"", ""针织或钩针编织物及其制品制造"", ""综合零售"", ""其他批发业"", ""国家行政机构"", ""货币银行服务"", ""环境卫生管理"", ""互联网相关服务"", ""软件开发"", ""谷物种植""]","[""纺织、服装及家庭用品批发"", ""针织或钩针编织物及其制品制造"", ""综合零售"", ""其他批发业"", ""国家行政机构"", ""货币银行服务"", ""环境卫生管理"", ""互联网相关服务"", ""软件开发"", ""谷物种植""]"
PRO_001277,SUP_0092,1,"[""货币银行服务"", ""互联网相关服务"", ""互联网数据服务"", ""医院"", ""互联网信息服务"", ""基层医疗卫生服务"", ""互联网平台"", ""非金融机构支付服务""]","[""货币银行服务"", ""互联网相关服务"", ""互联网数据服务"", ""医院"", ""互联网信息服务"", ""基层医疗卫生服务"", ""互联网平台"", ""非金融机构支付服务""]"
PRO_000078,SUP_0029,1,"[""纺织、服装及家庭用品批发"", ""其他批发业"", ""货币银行服务"", ""机械设备、五金产品及电子产品批发"", ""贸易经纪与代理"", ""国家行政机构"", ""互联网相关服务""]","[""纺织、服装及家庭用品批发"", ""其他批发业"", ""货币银行服务"", ""机械设备、五金产品及电子产品批发"", ""贸易经纪与代理"", ""互联网相关服务""]"
PRO_004520,SUP_0296,1,"[""互联网数据服务"", ""工程和技术研究和试验发展"", ""信息技术服务"", ""信息处理和存储支持服务"", ""互联网信息服务"", ""货币银行服务"", ""道路货物运输""]","[""互联网数据服务"", ""工程和技术研究和试验发展"", ""信息处理和存储支持服务"", ""互联网信息服务"", ""货币银行服务"", ""道路货物运输""]"
PRO_004522,SUP_0296,1,"[""互联网数据服务"", ""信息技术服务"", ""信息处理和存储支持服务"", ""互联网信息服务"", ""货币银行服务"", ""道路货物运输""]","[""互联网数据服务"", ""信息技术服务"", ""信息处理和存储支持服务"", ""互联网信息服务"", ""货币银行服务"", ""道路货物运输""]"
PRO_004527,SUP_0296,1,"[""互联网数据服务"", ""信息技术服务"", ""信息处理和存储支持服务"", ""工程和技术研究和试验发展"", ""道路货物运输"", ""互联网信息服务"", ""货币银行服务""]","[""信息技术服务"", ""信息处理和存储支持服务"", ""工程和技术研究和试验发展"", ""道路货物运输"", ""互联网信息服务"", ""货币银行服务""]"
PRO_004521,SUP_0296,1,"[""互联网数据服务"", ""信息技术服务"", ""工程和技术研究和试验发展"", ""信息处理和存储支持服务"", ""互联网信息服务"", ""货币银行服务"", ""道路货物运输""]","[""信息技术服务"", ""工程和技术研究和试验发展"", ""信息处理和存储支持服务"", ""互联网信息服务"", ""货币银行服务"", ""道路货物运输""]"
PRO_004526,SUP_0296,1,"[""互联网数据服务"", ""工程和技术研究和试验发展"", ""信息技术服务"", ""信息处理和存储支持服务"", ""货币银行服务"", ""道路货物运输""]","[""互联网数据服务"", ""工程和技术研究和试验发展"", ""信息处理和存储支持服务"", ""货币银行服务"", ""道路货物运输""]"
PRO_004524,SUP_0296,1,"[""互联网数据服务"", ""信息技术服务"", ""工程和技术研究和试验发展"", ""信息处理和存储支持服务"", ""互联网信息服务"", ""货币银行服务"", ""道路货物运输""]","[""信息技术服务"", ""工程和技术研究和试验发展"", ""信息处理和存储支持服务"", ""互联网信息服务"", ""货币银行服务"", ""道路货物运输""]"
PRO_004523,SUP_0296,1,"[""互联网数据服务"", ""信息技术服务"", ""工程和技术研究和试验发展"", ""道路货物运输"", ""互联网信息服务"", ""货币银行服务""]","[""互联网数据服务"", ""信息技术服务"", ""工程和技术研究和试验发展"", ""道路货物运输"", ""互联网信息服务"", ""货币银行服务""]"
PRO_004525,SUP_0296,1,"[""互联网数据服务"", ""信息技术服务"", ""信息处理和存储支持服务"", ""工程和技术研究和试验发展"", ""互联网信息服务"", ""货币银行服务"", ""道路货物运输""]","[""信息技术服务"", ""信息处理和存储支持服务"", ""工程和技术研究和试验发展"", ""互联网信息服务"", ""货币银行服务"", ""道路货物运输""]"
PRO_004354,SUP_0287,2,"[""互联网数据服务"", ""货币银行服务"", ""医院"", ""房地产租赁经营"", ""道路货物运输""]","[""互联网数据服务"", ""货币银行服务"", ""医院"", ""房地产租赁经营"", ""道路货物运输""]"
PRO_000057,SUP_0022,1,"[""互联网数据服务"", ""其他未列明金融业"", ""货币银行服务"", ""人民法院和人民检察院"", ""互联网信息服务"", ""道路货物运输""]","[""其他未列明金融业"", ""货币银行服务"", ""人民法院和人民检察院"", ""互联网信息服务"", ""道路货物运输""]"
PRO_004353,SUP_0287,1,"[""人力资源服务"", ""机械设备、五金产品及电子产品批发"", ""其他信息技术服务业"", ""数字政府"", ""纺织、服装及家庭用品批发"", ""货币银行服务"", ""国家行政机构"", ""贸易经纪与代理"", ""谷物种植"", ""中药材种植""]","[""人力资源服务"", ""机械设备、五金产品及电子产品批发"", ""其他信息技术服务业"", ""数字政府"", ""纺织、服装及家庭用品批发"", ""货币银行服务"", ""国家行政机构"", ""贸易经纪与代理"", ""谷物种植"", ""中药材种植""]"
PRO_000067,SUP_0026,1,"[""电信"", ""货币银行服务"", ""金融信息服务"", ""互联网数据服务""]","[""货币银行服务"", ""金融信息服务"", ""互联网数据服务""]"
PRO_004350,SUP_0287,1,"[""互联网数据服务"", ""货币银行服务"", ""金融信息服务"", ""软件开发"", ""其他批发业"", ""综合零售"", ""国家行政机构"", ""电信"", ""互联网信息服务""]","[""货币银行服务"", ""金融信息服务"", ""软件开发"", ""其他批发业"", ""综合零售"", ""国家行政机构"", ""电信"", ""互联网信息服务""]"
PRO_004352,SUP_0287,1,"[""互联网数据服务"", ""货币银行服务"", ""其他未列明金融业"", ""其他批发业"", ""互联网平台"", ""非金融机构支付服务"", ""互联网相关服务"", ""电信"", ""互联网信息服务""]","[""货币银行服务"", ""其他未列明金融业"", ""其他批发业"", ""互联网平台"", ""非金融机构支付服务"", ""互联网相关服务"", ""电信"", ""互联网信息服务""]"
PRO_004357,SUP_0287,1,"[""互联网数据服务"", ""货币银行服务"", ""医院"", ""数字政府"", ""互联网平台"", ""非金融机构支付服务"", ""互联网相关服务""]","[""货币银行服务"", ""医院"", ""数字政府"", ""互联网平台"", ""非金融机构支付服务"", ""互联网相关服务""]"
PRO_004356,SUP_0287,1,"[""互联网数据服务"", ""货币银行服务"", ""互联网平台"", ""非金融机构支付服务"", ""医院"", ""房地产租赁经营"", ""其他未列明金融业""]","[""货币银行服务"", ""互联网平台"", ""非金融机构支付服务"", ""医院"", ""房地产租赁经营"", ""其他未列明金融业""]"
PRO_004349,SUP_0287,1,"[""互联网数据服务"", ""其他信息技术服务业"", ""婚姻服务"", ""其他批发业"", ""非专业视听设备制造"", ""电信"", ""互联网信息服务""]","[""其他信息技术服务业"", ""婚姻服务"", ""其他批发业"", ""非专业视听设备制造"", ""电信"", ""互联网信息服务""]"
PRO_004355,SUP_0287,2,"[""互联网数据服务"", ""互联网信息服务"", ""电信"", ""软件开发"", ""金融信息服务"", ""货币银行服务""]","[""互联网信息服务"", ""电信"", ""软件开发"", ""金融信息服务"", ""货币银行服务""]"
PRO_004358,SUP_0287,2,"[""互联网数据服务"", ""互联网信息服务"", ""电信"", ""软件开发"", ""数字金融"", ""货币银行服务""]","[""互联网信息服务"", ""电信"", ""软件开发"", ""数字金融"", ""货币银行服务""]"
PRO_000069,SUP_0026,1,"[""互联网数据服务"", ""测绘地理信息服务"", ""货币银行服务"", ""人力资源服务"", ""技能培训、教育辅助及其他教育"", ""电信"", ""砖瓦、石材等建筑材料制造"", ""水泥、石灰和石膏制造"", ""国家行政机构""]","[""互联网数据服务"", ""测绘地理信息服务"", ""货币银行服务"", ""人力资源服务"", ""技能培训、教育辅助及其他教育"", ""电信"", ""砖瓦、石材等建筑材料制造"", ""水泥、石灰和石膏制造"", ""国家行政机构""]"
PRO_000063,SUP_0026,1,"[""货币银行服务"", ""互联网数据服务"", ""高等教育"", ""互联网信息服务"", ""非货币银行服务"", ""其他社会保障"", ""婚姻服务"", ""其他房地产业"", ""房地产开发经营"", ""基本保险""]","[""货币银行服务"", ""互联网数据服务"", ""高等教育"", ""互联网信息服务"", ""非货币银行服务"", ""其他社会保障"", ""婚姻服务"", ""其他房地产业"", ""房地产开发经营"", ""基本保险""]"
PRO_000072,SUP_0026,2,"[""货币银行服务"", ""国家行政机构"", ""高等教育"", ""非货币银行服务"", ""其他社会保障"", ""互联网数据服务"", ""互联网信息服务"", ""婚姻服务"", ""不提供住宿社会工作"", ""房地产开发经营""]","[""国家行政机构"", ""高等教育"", ""非货币银行服务"", ""其他社会保障"", ""互联网信息服务"", ""婚姻服务"", ""不提供住宿社会工作"", ""房地产开发经营""]"
PRO_000071,SUP_0026,4,"[""货币银行服务"", ""国家行政机构"", ""互联网数据服务"", ""非货币银行服务"", ""高等教育"", ""其他社会保障"", ""互联网信息服务"", ""婚姻服务"", ""不提供住宿社会工作"", ""其他房地产业""]","[""国家行政机构"", ""互联网数据服务"", ""非货币银行服务"", ""其他社会保障"", ""互联网信息服务"", ""婚姻服务"", ""不提供住宿社会工作"", ""其他房地产业""]"
PRO_000064,SUP_0026,4,"[""货币银行服务"", ""国家行政机构"", ""互联网数据服务"", ""高等教育"", ""互联网信息服务"", ""婚姻服务"", ""不提供住宿社会工作"", ""非货币银行服务"", ""其他房地产业"", ""其他社会保障""]","[""货币银行服务"", ""国家行政机构"", ""互联网数据服务"", ""互联网信息服务"", ""婚姻服务"", ""不提供住宿社会工作"", ""其他房地产业""]"
PRO_000065,SUP_0026,4,"[""货币银行服务"", ""国家行政机构"", ""互联网数据服务"", ""互联网信息服务"", ""高等教育"", ""婚姻服务"", ""房地产开发经营"", ""基本保险"", ""非货币银行服务"", ""其他社会保障""]","[""货币银行服务"", ""国家行政机构"", ""互联网数据服务"", ""互联网信息服务"", ""婚姻服务"", ""房地产开发经营"", ""基本保险""]"
PRO_004242,SUP_0281,1,"[""货币银行服务"", ""国家行政机构"", ""其他批发业"", ""机械设备、五金产品及电子产品批发"", ""综合零售"", ""纺织、服装及家庭用品批发"", ""互联网相关服务""]","[""国家行政机构"", ""其他批发业"", ""机械设备、五金产品及电子产品批发"", ""综合零售"", ""纺织、服装及家庭用品批发"", ""互联网相关服务""]"
PRO_000058,SUP_0022,1,"[""互联网数据服务"", ""货币银行服务"", ""互联网平台"", ""智慧物流"", ""国家行政机构"", ""金融信息服务""]","[""互联网数据服务"", ""货币银行服务"", ""智慧物流"", ""国家行政机构"", ""金融信息服务""]"
PRO_000022,SUP_0004,1,"[""货币银行服务"", ""电信"", ""互联网数据服务"", ""互联网信息服务"", ""互联网相关服务"", ""软件开发"", ""金融信息服务""]","[""电信"", ""互联网数据服务"", ""互联网信息服务"", ""互联网相关服务"", ""软件开发"", ""金融信息服务""]"
PRO_006662,SUP_0373,1,"[""其他未列明金融业"", ""环境卫生管理"", ""软件开发"", ""国家行政机构"", ""婚姻服务"", ""人力资源服务"", ""电力供应"", ""贸易经纪与代理"", ""医院"", ""基层医疗卫生服务""]","[""其他未列明金融业"", ""环境卫生管理"", ""软件开发"", ""国家行政机构"", ""婚姻服务"", ""人力资源服务"", ""电力供应"", ""贸易经纪与代理"", ""医院"", ""基层医疗卫生服务""]"
PRO_000021,SUP_0004,1,"[""货币银行服务"", ""互联网数据服务"", ""电信"", ""软件开发"", ""互联网信息服务"", ""互联网相关服务"", ""金融信息服务""]","[""货币银行服务"", ""互联网数据服务"", ""软件开发"", ""互联网信息服务"", ""互联网相关服务"", ""金融信息服务""]"
PRO_000787,SUP_0072,1,"[""货币银行服务"", ""电信"", ""互联网信息服务"", ""互联网数据服务"", ""互联网相关服务"", ""软件开发"", ""金融信息服务""]","[""电信"", ""互联网信息服务"", ""互联网数据服务"", ""互联网相关服务"", ""软件开发"", ""金融信息服务""]"
PRO_000719,SUP_0048,1,"[""电信"", ""货币银行服务"", ""软件开发"", ""其他未列明金融业"", ""互联网数据服务"", ""国家行政机构""]","[""电信"", ""软件开发"", ""其他未列明金融业"", ""互联网数据服务"", ""国家行政机构""]"
PRO_000052,SUP_0019,1,"[""互联网数据服务"", ""互联网信息服务"", ""互联网相关服务"", ""法律服务""]","[""互联网数据服务"", ""互联网信息服务"", ""互联网相关服务""]"
PRO_000027,SUP_0007,1,"[""互联网数据服务"", ""其他金融业"", ""综合零售"", ""货币银行服务"", ""软件开发"", ""金融信息服务"", ""其他未列明金融业"", ""电信"", ""互联网信息服务""]","[""其他金融业"", ""综合零售"", ""货币银行服务"", ""软件开发"", ""金融信息服务"", ""其他未列明金融业"", ""电信"", ""互联网信息服务""]"
PRO_003469,SUP_0214,1,"[""国家行政机构"", ""电力供应"", ""贸易经纪与代理"", ""环境卫生管理"", ""信息技术咨询服务"", ""谷物种植"", ""水泥、石灰和石膏制造"", ""医院"", ""基层医疗卫生服务"", ""砖瓦、石材等建筑材料制造""]","[""国家行政机构"", ""电力供应"", ""贸易经纪与代理"", ""环境卫生管理"", ""信息技术咨询服务"", ""谷物种植"", ""水泥、石灰和石膏制造"", ""医院"", ""基层医疗卫生服务"", ""砖瓦、石材等建筑材料制造""]"
PRO_000053,SUP_0019,1,"[""互联网数据服务"", ""信息技术服务"", ""国家行政机构"", ""互联网信息服务"", ""货币银行服务"", ""人身保险""]","[""互联网数据服务"", ""信息技术服务"", ""互联网信息服务"", ""货币银行服务"", ""人身保险""]"
PRO_001197,SUP_0085,1,"[""智能交通"", ""市政设施管理"", ""互联网数据服务"", ""城市公共交通运输"", ""软件开发"", ""非金融机构支付服务"", ""数字政府""]","[""智能交通"", ""互联网数据服务"", ""城市公共交通运输"", ""软件开发"", ""非金融机构支付服务"", ""数字政府""]"
PRO_002860,SUP_0160,1,"[""互联网数据服务"", ""货币银行服务"", ""信息技术服务"", ""国家行政机构"", ""互联网信息服务"", ""人身保险""]","[""互联网数据服务"", ""货币银行服务"", ""信息技术服务"", ""互联网信息服务"", ""人身保险""]"
PRO_002861,SUP_0160,1,"[""互联网数据服务"", ""互联网相关服务"", ""互联网信息服务"", ""法律服务"", ""货币银行服务""]","[""互联网数据服务"", ""互联网相关服务"", ""互联网信息服务"", ""货币银行服务""]"
PRO_001199,SUP_0085,1,"[""智能交通"", ""市政设施管理"", ""互联网数据服务"", ""数字政府"", ""软件开发"", ""城市公共交通运输"", ""非金融机构支付服务""]","[""市政设施管理"", ""互联网数据服务"", ""数字政府"", ""软件开发"", ""城市公共交通运输"", ""非金融机构支付服务""]"
PRO_001198,SUP_0085,2,"[""智能交通"", ""市政设施管理"", ""互联网数据服务"", ""软件开发"", ""城市公共交通运输"", ""数字政府"", ""橡胶制品业"", ""塑料制品业""]","[""智能交通"", ""互联网数据服务"", ""软件开发"", ""城市公共交通运输"", ""数字政府"", ""橡胶制品业"", ""塑料制品业""]"
PRO_001832,SUP_0134,1,"[""谷物种植"", ""其他房屋建筑业"", ""互联网数据服务"", ""城乡市容管理"", ""炼铁"", ""水上运输辅助活动"", ""安全保护服务"", ""牲畜饲养"", ""森林经营、管护和改培"", ""工矿工程建筑""]","[""谷物种植"", ""其他房屋建筑业"", ""互联网数据服务"", ""城乡市容管理"", ""炼铁"", ""水上运输辅助活动"", ""安全保护服务"", ""牲畜饲养"", ""森林经营、管护和改培"", ""工矿工程建筑""]"
PRO_001825,SUP_0134,1,"[""谷物种植"", ""其他房屋建筑业"", ""炼铁"", ""安全保护服务"", ""城乡市容管理"", ""牲畜饲养"", ""非专业视听设备制造"", ""水上运输辅助活动"", ""森林经营、管护和改培"", ""工矿工程建筑""]","[""谷物种植"", ""其他房屋建筑业"", ""炼铁"", ""安全保护服务"", ""城乡市容管理"", ""牲畜饲养"", ""非专业视听设备制造"", ""水上运输辅助活动"", ""森林经营、管护和改培"", ""工矿工程建筑""]"
PRO_001827,SUP_0134,1,"[""谷物种植"", ""其他房屋建筑业"", ""炼铁"", ""城乡市容管理"", ""安全保护服务"", ""软件开发"", ""互联网数据服务"", ""森林经营、管护和改培"", ""工矿工程建筑"", ""其他煤炭采选""]","[""谷物种植"", ""其他房屋建筑业"", ""炼铁"", ""城乡市容管理"", ""安全保护服务"", ""软件开发"", ""互联网数据服务"", ""森林经营、管护和改培"", ""工矿工程建筑"", ""其他煤炭采选""]"
PRO_000056,SUP_0022,1,"[""互联网数据服务"", ""互联网相关服务"", ""法律服务"", ""互联网信息服务"", ""其他未列明金融业""]","[""互联网数据服务"", ""互联网相关服务"", ""法律服务"", ""互联网信息服务"", ""其他未列明金融业""]"
PRO_000047,SUP_0019,1,"[""互联网数据服务"", ""其他未列明金融业"", ""国家行政机构"", ""软件开发"", ""货币银行服务"", ""人身保险""]","[""其他未列明金融业"", ""国家行政机构"", ""软件开发"", ""货币银行服务"", ""人身保险""]"
PRO_000073,SUP_0027,1,"[""电信"", ""测绘地理信息服务"", ""技能培训、教育辅助及其他教育"", ""货币银行服务"", ""人力资源服务"", ""智慧物流"", ""环境治理业"", ""砖瓦、石材等建筑材料制造"", ""水泥、石灰和石膏制造""]","[""电信"", ""技能培训、教育辅助及其他教育"", ""货币银行服务"", ""人力资源服务"", ""智慧物流"", ""环境治理业"", ""砖瓦、石材等建筑材料制造"", ""水泥、石灰和石膏制造""]"
PRO_000074,SUP_0027,1,"[""电信"", ""测绘地理信息服务"", ""技能培训、教育辅助及其他教育"", ""人力资源服务"", ""环境治理业"", ""互联网信息服务"", ""智慧物流"", ""砖瓦、石材等建筑材料制造"", ""水泥、石灰和石膏制造"", ""货币银行服务""]","[""电信"", ""技能培训、教育辅助及其他教育"", ""人力资源服务"", ""环境治理业"", ""互联网信息服务"", ""智慧物流"", ""砖瓦、石材等建筑材料制造"", ""水泥、石灰和石膏制造"", ""货币银行服务""]"
PRO_000010,SUP_0003,2,"[""智能交通"", ""市政设施管理"", ""互联网数据服务"", ""软件开发"", ""非金融机构支付服务"", ""橡胶制品业"", ""塑料制品业"", ""数字政府""]","[""市政设施管理"", ""互联网数据服务"", ""软件开发"", ""非金融机构支付服务"", ""橡胶制品业"", ""塑料制品业""]"
PRO_000011,SUP_0003,1,"[""智能交通"", ""市政设施管理"", ""互联网数据服务"", ""非金融机构支付服务"", ""数字政府""]","[""智能交通"", ""市政设施管理"", ""互联网数据服务"", ""非金融机构支付服务"", ""数字政府""]"
PRO_000014,SUP_0003,2,"[""智能交通"", ""其他未列明服务业"", ""城市公共交通运输"", ""数字政府"", ""电信"", ""非金融机构支付服务"", ""市政设施管理""]","[""其他未列明服务业"", ""城市公共交通运输"", ""电信"", ""非金融机构支付服务"", ""市政设施管理""]"
PRO_000017,SUP_0003,1,"[""智能交通"", ""数字政府"", ""其他未列明服务业"", ""电信"", ""互联网数据服务""]","[""智能交通"", ""数字政府"", ""其他未列明服务业"", ""电信"", ""互联网数据服务""]"
PRO_000015,SUP_0003,1,"[""智能交通"", ""数字政府"", ""其他未列明服务业"", ""城市公共交通运输"", ""电信"", ""互联网数据服务""]","[""数字政府"", ""其他未列明服务业"", ""城市公共交通运输"", ""电信"", ""互联网数据服务""]"
PRO_000018,SUP_0003,1,"[""智能交通"", ""市政设施管理"", ""互联网数据服务"", ""数字政府"", ""城市公共交通运输"", ""软件开发"", ""非金融机构支付服务""]","[""市政设施管理"", ""互联网数据服务"", ""数字政府"", ""城市公共交通运输"", ""软件开发"", ""非金融机构支付服务""]"
PRO_000019,SUP_0003,1,"[""智能交通"", ""数字政府"", ""城市公共交通运输"", ""电信"", ""互联网数据服务""]","[""智能交通"", ""数字政府"", ""城市公共交通运输"", ""电信"", ""互联网数据服务""]"
PRO_000016,SUP_0003,2,"[""智能交通"", ""城市公共交通运输"", ""其他未列明服务业"", ""数字政府"", ""电信"", ""互联网数据服务""]","[""城市公共交通运输"", ""其他未列明服务业"", ""电信"", ""互联网数据服务""]"
PRO_000020,SUP_0003,1,"[""智能交通"", ""市政设施管理"", ""城市公共交通运输"", ""互联网数据服务"", ""数字政府"", ""非金融机构支付服务""]","[""市政设施管理"", ""城市公共交通运输"", ""互联网数据服务"", ""数字政府"", ""非金融机构支付服务""]"
PRO_000013,SUP_0003,1,"[""智能交通"", ""市政设施管理"", ""互联网数据服务"", ""城市公共交通运输"", ""软件开发"", ""非金融机构支付服务"", ""数字政府""]","[""市政设施管理"", ""互联网数据服务"", ""城市公共交通运输"", ""软件开发"", ""非金融机构支付服务"", ""数字政府""]"
PRO_000012,SUP_0003,1,"[""智能交通"", ""市政设施管理"", ""互联网数据服务"", ""城市公共交通运输"", ""数字政府"", ""非金融机构支付服务""]","[""智能交通"", ""互联网数据服务"", ""城市公共交通运输"", ""数字政府"", ""非金融机构支付服务""]"
PRO_001184,SUP_0079,1,"[""针织或钩针编织物及其制品制造"", ""综合零售"", ""软件开发"", ""信息技术咨询服务"", ""电力供应"", ""贸易经纪与代理"", ""人力资源服务"", ""砖瓦、石材等建筑材料制造"", ""水泥、石灰和石膏制造"", ""医院""]","[""针织或钩针编织物及其制品制造"", ""综合零售"", ""软件开发"", ""信息技术咨询服务"", ""电力供应"", ""贸易经纪与代理"", ""人力资源服务"", ""砖瓦、石材等建筑材料制造"", ""水泥、石灰和石膏制造"", ""医院""]"
PRO_000040,SUP_0014,1,"[""电信"", ""智能交通"", ""互联网数据服务"", ""其他未列明服务业"", ""数字政府"", ""人力资源服务"", ""货币银行服务""]","[""电信"", ""智能交通"", ""其他未列明服务业"", ""数字政府"", ""人力资源服务"", ""货币银行服务""]"
PRO_000042,SUP_0016,1,"[""测绘地理信息服务"", ""人力资源服务"", ""电信"", ""道路运输辅助活动"", ""环境治理业"", ""互联网信息服务"", ""砖瓦、石材等建筑材料制造"", ""水泥、石灰和石膏制造"", ""医院"", ""基层医疗卫生服务""]","[""测绘地理信息服务"", ""人力资源服务"", ""电信"", ""道路运输辅助活动"", ""环境治理业"", ""互联网信息服务"", ""砖瓦、石材等建筑材料制造"", ""水泥、石灰和石膏制造"", ""医院"", ""基层医疗卫生服务""]"
